City,Country,Duration,Price,Airline,Airport,Depart,Return,Link
Incheon,Coreia do Sul,1713.0,1856.17,United Airlines,ICN,2023-06-04,2023-06-11,http://kayak.com/flights/EWR-ICN/2023-06-04/2023-06-11/
Paris,França,490.0,730.25,French Bee,PAR,2023-06-04,2023-06-08,http://kayak.com/flights/EWR-PAR/2023-06-04/2023-06-08/
Los Angeles,Estados Unidos,369.0,287.59,Várias companhias aéreas,LAX,2023-06-02,2023-06-06,http://kayak.com/flights/EWR-LAX/2023-06-02/2023-06-06/
Londres,Reino Unido,1610.0,647.55,Icelandair,LON,2023-06-06,2023-06-10,http://kayak.com/flights/EWR-LON/2023-06-06/2023-06-10/
Copenhaga,Dinamarca,1140.0,750.93,United Airlines,CPH,2023-06-07,2023-06-14,http://kayak.com/flights/EWR-CPH/2023-06-07/2023-06-14/
Madrid,Espanha,1510.0,840.21,TAP AIR PORTUGAL,MAD,2023-06-03,2023-06-08,http://kayak.com/flights/EWR-MAD/2023-06-03/2023-06-08/
Banguecoque,Tailândia,2555.0,1537.57,ANA,BKK,2023-06-09,2023-06-15,http://kayak.com/flights/EWR-BKK/2023-06-09/2023-06-15/
Barcelona,Espanha,1360.0,742.47,TAP AIR PORTUGAL,BCN,2023-06-05,2023-06-12,http://kayak.com/flights/EWR-BCN/2023-06-05/2023-06-12/
Miami,Estados Unidos,182.0,143.8,Várias companhias aéreas,MIA,2023-06-13,2023-06-20,http://kayak.com/flights/EWR-MIA/2023-06-13/2023-06-20/
São Francisco,Estados Unidos,839.0,325.19,Alaska Airlines,SFO,2023-06-08,2023-06-12,http://kayak.com/flights/EWR-SFO/2023-06-08/2023-06-12/
Boston,Estados Unidos,87.0,176.69,United Airlines,BOS,2023-06-15,2023-06-19,http://kayak.com/flights/EWR-BOS/2023-06-15/2023-06-19/
Lisboa,Portugal,1035.0,796.04,Várias companhias aéreas,LIS,2023-06-07,2023-06-14,http://kayak.com/flights/EWR-LIS/2023-06-07/2023-06-14/
Viena,Áustria,1105.0,1146.6,Scandinavian Airlines,VIE,2023-06-14,2023-06-21,http://kayak.com/flights/EWR-VIE/2023-06-14/2023-06-21/
Frankfurt,Alemanha,1925.0,845.85,Icelandair,FRA,2023-06-22,2023-06-28,http://kayak.com/flights/EWR-FRA/2023-06-22/2023-06-28/
Amesterdão,Holanda,1765.0,934.2,Turkish Airlines,AMS,2023-06-13,2023-06-20,http://kayak.com/flights/EWR-AMS/2023-06-13/2023-06-20/
Las Vegas,Estados Unidos,321.0,242.48,Spirit Airlines,LAS,2023-06-07,2023-06-13,http://kayak.com/flights/EWR-LAS/2023-06-07/2023-06-13/
Roma,Itália,1145.0,798.86,Várias companhias aéreas,ROM,2023-06-11,2023-06-17,http://kayak.com/flights/EWR-ROM/2023-06-11/2023-06-17/
Atlanta,Estados Unidos,140.0,139.1,United Airlines,ATL,2023-06-04,2023-06-09,http://kayak.com/flights/EWR-ATL/2023-06-04/2023-06-09/
Manila,Filipinas,2075.0,2110.86,Ethiopian Air,MNL,2023-06-22,2023-06-29,http://kayak.com/flights/EWR-MNL/2023-06-22/2023-06-29/
Nova Deli,Índia,1590.0,1471.78,Air France,DEL,2023-06-07,2023-06-14,http://kayak.com/flights/EWR-DEL/2023-06-07/2023-06-14/
Londres,Reino Unido,1610.0,647.55,Icelandair,LHR,2023-06-06,2023-06-10,http://kayak.com/flights/EWR-LHR/2023-06-06/2023-06-10/
Seattle,Estados Unidos,373.0,355.26,Alaska Airlines,SEA,2023-06-07,2023-06-14,http://kayak.com/flights/EWR-SEA/2023-06-07/2023-06-14/
Berlim,Alemanha,1185.0,843.97,British Airways,BER,2023-06-18,2023-06-25,http://kayak.com/flights/EWR-BER/2023-06-18/2023-06-25/
Munique,Alemanha,1815.0,867.47,Várias companhias aéreas,MUC,2023-06-20,2023-06-27,http://kayak.com/flights/EWR-MUC/2023-06-20/2023-06-27/
Dallas,Estados Unidos,328.0,182.33,United Airlines,DFW,2023-06-01,2023-06-05,http://kayak.com/flights/EWR-DFW/2023-06-01/2023-06-05/
Singapura,Singapura,1981.0,1634.37,United Airlines,SIN,2023-06-21,2023-06-28,http://kayak.com/flights/EWR-SIN/2023-06-21/2023-06-28/
Dubai,Emirados Árabes Unidos,2720.0,1196.41,Emirates,DXB,2023-06-01,2023-06-05,http://kayak.com/flights/EWR-DXB/2023-06-01/2023-06-05/
Bogotá,Colômbia,1276.0,409.77,Várias companhias aéreas,BOG,2023-06-07,2023-06-11,http://kayak.com/flights/EWR-BOG/2023-06-07/2023-06-11/
Denver,Estados Unidos,452.0,298.87,United Airlines,DEN,2023-06-01,2023-06-06,http://kayak.com/flights/EWR-DEN/2023-06-01/2023-06-06/
Cidade do México,México,367.0,524.43,United Airlines,MEX,2023-06-17,2023-06-23,http://kayak.com/flights/EWR-MEX/2023-06-17/2023-06-23/
Cancún,México,244.0,387.21,United Airlines,CUN,2023-06-18,2023-06-22,http://kayak.com/flights/EWR-CUN/2023-06-18/2023-06-22/
Atenas,Grécia,1570.0,862.77,Várias companhias aéreas,ATH,2023-06-11,2023-06-17,http://kayak.com/flights/EWR-ATH/2023-06-11/2023-06-17/
Chicago,Estados Unidos,264.0,173.87,United Airlines,ORD,2023-06-21,2023-06-27,http://kayak.com/flights/EWR-ORD/2023-06-21/2023-06-27/
Zurique,Suíça,670.0,958.63,Icelandair,ZRH,2023-06-14,2023-06-19,http://kayak.com/flights/EWR-ZRH/2023-06-14/2023-06-19/
Chicago,Estados Unidos,264.0,173.87,United Airlines,CHI,2023-06-21,2023-06-27,http://kayak.com/flights/EWR-CHI/2023-06-21/2023-06-27/
Orlando,Estados Unidos,163.0,161.66,Várias companhias aéreas,MCO,2023-06-13,2023-06-20,http://kayak.com/flights/EWR-MCO/2023-06-13/2023-06-20/
Sydney,Austrália,1990.0,1987.75,Air Canada,SYD,2023-06-10,2023-06-17,http://kayak.com/flights/EWR-SYD/2023-06-10/2023-06-17/
Milão,Itália,1710.0,663.52,Scandinavian Airlines,MIL,2023-06-05,2023-06-12,http://kayak.com/flights/EWR-MIL/2023-06-05/2023-06-12/
"Washington, D.C.",Estados Unidos,484.0,380.64,JetBlue,WAS,2023-06-04,2023-06-08,http://kayak.com/flights/EWR-WAS/2023-06-04/2023-06-08/
Fort Lauderdale,Estados Unidos,182.0,163.54,Spirit Airlines,FLL,2023-06-13,2023-06-20,http://kayak.com/flights/EWR-FLL/2023-06-13/2023-06-20/
Paris,França,1950.0,826.12,Várias companhias aéreas,CDG,2023-06-06,2023-06-12,http://kayak.com/flights/EWR-CDG/2023-06-06/2023-06-12/
Toronto,Canadá,100.0,189.85,United Airlines,YYZ,2023-06-14,2023-06-21,http://kayak.com/flights/EWR-YYZ/2023-06-14/2023-06-21/
Telavive,Israel,1876.0,854.31,Delta,TLV,2023-06-07,2023-06-12,http://kayak.com/flights/EWR-TLV/2023-06-07/2023-06-12/
Istambul,Turquia,1095.0,1151.3,British Airways,IST,2023-06-19,2023-06-26,http://kayak.com/flights/EWR-IST/2023-06-19/2023-06-26/
Palma de Maiorca,Espanha,930.0,1059.19,Várias companhias aéreas,PMI,2023-06-04,2023-06-11,http://kayak.com/flights/EWR-PMI/2023-06-04/2023-06-11/
Phoenix,Estados Unidos,510.0,312.03,United Airlines,PHX,2023-06-02,2023-06-06,http://kayak.com/flights/EWR-PHX/2023-06-02/2023-06-06/
Dublin,Irlanda,1880.0,696.42,Scandinavian Airlines,DUB,2023-06-12,2023-06-19,http://kayak.com/flights/EWR-DUB/2023-06-12/2023-06-19/
Porto,Portugal,1070.0,903.18,Várias companhias aéreas,OPO,2023-06-07,2023-06-13,http://kayak.com/flights/EWR-OPO/2023-06-07/2023-06-13/
Varsóvia,Polónia,1220.0,960.51,Várias companhias aéreas,WAW,2023-06-05,2023-06-09,http://kayak.com/flights/EWR-WAW/2023-06-05/2023-06-09/
Filadélfia,Estados Unidos,740.0,802.62,Várias companhias aéreas,PHL,2023-06-06,2023-06-13,http://kayak.com/flights/EWR-PHL/2023-06-06/2023-06-13/
Bruxelas,Bélgica,1800.0,823.3,TAP AIR PORTUGAL,BRU,2023-06-05,2023-06-11,http://kayak.com/flights/EWR-BRU/2023-06-05/2023-06-11/
Tóquio,Japão,965.0,1545.09,Várias companhias aéreas,TYO,2023-06-14,2023-06-21,http://kayak.com/flights/EWR-TYO/2023-06-14/2023-06-21/
Málaga,Espanha,2085.0,1176.67,Turkish Airlines,AGP,2023-06-14,2023-06-20,http://kayak.com/flights/EWR-AGP/2023-06-14/2023-06-20/
Oslo,Noruega,735.0,947.35,Scandinavian Airlines,OSL,2023-06-10,2023-06-14,http://kayak.com/flights/EWR-OSL/2023-06-10/2023-06-14/
Manchester,Reino Unido,2035.0,846.79,Scandinavian Airlines,MAN,2023-06-05,2023-06-11,http://kayak.com/flights/EWR-MAN/2023-06-05/2023-06-11/
Minneapolis,Estados Unidos,172.0,195.49,United Airlines,MSP,2023-06-02,2023-06-06,http://kayak.com/flights/EWR-MSP/2023-06-02/2023-06-06/
Denpasar,Indonésia,2175.0,1804.48,Várias companhias aéreas,DPS,2023-06-22,2023-06-28,http://kayak.com/flights/EWR-DPS/2023-06-22/2023-06-28/
Dusseldorf,Alemanha,1275.0,1156.94,Turkish Airlines,DUS,2023-06-03,2023-06-08,http://kayak.com/flights/EWR-DUS/2023-06-03/2023-06-08/
Vancouver,Canadá,650.0,366.54,Várias companhias aéreas,YVR,2023-06-04,2023-06-08,http://kayak.com/flights/EWR-YVR/2023-06-04/2023-06-08/
Toronto,Canadá,105.0,157.9,Porter Airlines,YTO,2023-06-06,2023-06-13,http://kayak.com/flights/EWR-YTO/2023-06-06/2023-06-13/
San Juan,Porto Rico,609.0,236.84,United Airlines,SJU,2023-06-05,2023-06-10,http://kayak.com/flights/EWR-SJU/2023-06-05/2023-06-10/
Estocolmo,Suécia,825.0,795.1,United Airlines,STO,2023-06-15,2023-06-19,http://kayak.com/flights/EWR-STO/2023-06-15/2023-06-19/
Orlando,Estados Unidos,163.0,161.66,Várias companhias aéreas,ORL,2023-06-13,2023-06-20,http://kayak.com/flights/EWR-ORL/2023-06-13/2023-06-20/
Tampa,Estados Unidos,523.0,189.85,JetBlue,TPA,2023-06-01,2023-06-07,http://kayak.com/flights/EWR-TPA/2023-06-01/2023-06-07/
Joanesburgo,África do Sul,1605.0,1287.57,Ethiopian Air,JNB,2023-06-06,2023-06-10,http://kayak.com/flights/EWR-JNB/2023-06-06/2023-06-10/
Mumbai,Índia,1515.0,1621.21,Ethiopian Air,BOM,2023-06-17,2023-06-24,http://kayak.com/flights/EWR-BOM/2023-06-17/2023-06-24/
Lyon,França,1650.0,1147.54,Turkish Airlines,LYS,2023-06-13,2023-06-18,http://kayak.com/flights/EWR-LYS/2023-06-13/2023-06-18/
Helsínquia,Finlândia,1045.0,914.46,Scandinavian Airlines,HEL,2023-06-19,2023-06-26,http://kayak.com/flights/EWR-HEL/2023-06-19/2023-06-26/
Hamburgo,Alemanha,670.0,1078.93,Icelandair,HAM,2023-06-18,2023-06-22,http://kayak.com/flights/EWR-HAM/2023-06-18/2023-06-22/
São Paulo,Brasil,1688.0,664.46,LATAM Airlines,SAO,2023-06-02,2023-06-09,http://kayak.com/flights/EWR-SAO/2023-06-02/2023-06-09/
Hong Kong,Hong Kong,2755.0,1464.26,Várias companhias aéreas,HKG,2023-06-14,2023-06-20,http://kayak.com/flights/EWR-HKG/2023-06-14/2023-06-20/
Tóquio,Japão,1399.0,1655.99,United Airlines,NRT,2023-06-23,2023-06-30,http://kayak.com/flights/EWR-NRT/2023-06-23/2023-06-30/
Honolulu,Estados Unidos,773.0,736.83,United Airlines,HNL,2023-06-08,2023-06-12,http://kayak.com/flights/EWR-HNL/2023-06-08/2023-06-12/
Melbourne,Austrália,1828.0,2452.02,Qantas Airways,MEL,2023-06-20,2023-06-27,http://kayak.com/flights/EWR-MEL/2023-06-20/2023-06-27/
Lima,Perú,1091.0,516.91,LATAM Airlines,LIM,2023-06-13,2023-06-20,http://kayak.com/flights/EWR-LIM/2023-06-13/2023-06-20/
Cairo,Egito,1505.0,1078.93,Delta,CAI,2023-06-06,2023-06-13,http://kayak.com/flights/EWR-CAI/2023-06-06/2023-06-13/
Paris,França,490.0,730.25,French Bee,ORY,2023-06-04,2023-06-08,http://kayak.com/flights/EWR-ORY/2023-06-04/2023-06-08/
Kuala Lumpur,Malásia,3575.0,2124.96,Turkish Airlines,KUL,2023-06-15,2023-06-19,http://kayak.com/flights/EWR-KUL/2023-06-15/2023-06-19/
Praga,República Checa,1835.0,1263.14,Turkish Airlines,PRG,2023-06-16,2023-06-22,http://kayak.com/flights/EWR-PRG/2023-06-16/2023-06-22/
San José,Costa Rica,751.0,494.36,Spirit Airlines,SJO,2023-06-07,2023-06-12,http://kayak.com/flights/EWR-SJO/2023-06-07/2023-06-12/
São Diego,Estados Unidos,1581.0,351.5,Várias companhias aéreas,SAN,2023-06-23,2023-06-27,http://kayak.com/flights/EWR-SAN/2023-06-23/2023-06-27/
Budapeste,Hungria,845.0,1268.78,United Airlines,BUD,2023-06-14,2023-06-21,http://kayak.com/flights/EWR-BUD/2023-06-14/2023-06-21/
Marselha,França,900.0,1285.69,Delta,MRS,2023-06-21,2023-06-28,http://kayak.com/flights/EWR-MRS/2023-06-21/2023-06-28/
Taipé,Taiwan,2726.0,1770.64,Várias companhias aéreas,TPE,2023-06-22,2023-06-26,http://kayak.com/flights/EWR-TPE/2023-06-22/2023-06-26/
Houston,Estados Unidos,229.0,281.01,Spirit Airlines,IAH,2023-06-14,2023-06-19,http://kayak.com/flights/EWR-IAH/2023-06-14/2023-06-19/
Genebra,Suíça,867.0,933.26,United Airlines,GVA,2023-06-21,2023-06-28,http://kayak.com/flights/EWR-GVA/2023-06-21/2023-06-28/
Estocolmo,Suécia,825.0,795.1,United Airlines,ARN,2023-06-15,2023-06-19,http://kayak.com/flights/EWR-ARN/2023-06-15/2023-06-19/
Nice,França,735.0,982.13,Várias companhias aéreas,NCE,2023-06-05,2023-06-12,http://kayak.com/flights/EWR-NCE/2023-06-05/2023-06-12/
Osaka,Japão,1160.0,2446.38,Várias companhias aéreas,KIX,2023-06-05,2023-06-09,http://kayak.com/flights/EWR-KIX/2023-06-05/2023-06-09/
Seul,Coreia do Sul,1713.0,1856.17,United Airlines,SEL,2023-06-04,2023-06-11,http://kayak.com/flights/EWR-SEL/2023-06-04/2023-06-11/
Veneza,Itália,1245.0,979.31,Várias companhias aéreas,VCE,2023-06-10,2023-06-17,http://kayak.com/flights/EWR-VCE/2023-06-10/2023-06-17/
Portland,Estados Unidos,711.0,419.17,Várias companhias aéreas,PDX,2023-06-15,2023-06-20,http://kayak.com/flights/EWR-PDX/2023-06-15/2023-06-20/
Austin,Estados Unidos,504.0,218.99,Várias companhias aéreas,AUS,2023-06-14,2023-06-21,http://kayak.com/flights/EWR-AUS/2023-06-14/2023-06-21/
Cidade de Ho Chi Minh,Vietname,1978.0,1590.2,Japan Airlines,SGN,2023-06-24,2023-06-28,http://kayak.com/flights/EWR-SGN/2023-06-24/2023-06-28/
Charlotte,Estados Unidos,118.0,175.75,United Airlines,CLT,2023-06-21,2023-06-28,http://kayak.com/flights/EWR-CLT/2023-06-21/2023-06-28/
Roma,Itália,1145.0,798.86,Várias companhias aéreas,FCO,2023-06-11,2023-06-17,http://kayak.com/flights/EWR-FCO/2023-06-11/2023-06-17/
"Washington, D.C.",Estados Unidos,1134.0,385.34,United Airlines,IAD,2023-06-04,2023-06-08,http://kayak.com/flights/EWR-IAD/2023-06-04/2023-06-08/
Montreal,Canadá,358.0,202.07,Porter Airlines,YUL,2023-06-05,2023-06-12,http://kayak.com/flights/EWR-YUL/2023-06-05/2023-06-12/
Santiago,Chile,1265.0,808.26,Várias companhias aéreas,SCL,2023-06-21,2023-06-27,http://kayak.com/flights/EWR-SCL/2023-06-21/2023-06-27/
Nápoles,Itália,1870.0,1021.6,Várias companhias aéreas,NAP,2023-06-14,2023-06-21,http://kayak.com/flights/EWR-NAP/2023-06-14/2023-06-21/
Nantes,França,1810.0,1472.72,Aer Lingus,NTE,2023-06-17,2023-06-24,http://kayak.com/flights/EWR-NTE/2023-06-17/2023-06-24/
Salt Lake City,Estados Unidos,933.0,390.97,Spirit Airlines,SLC,2023-06-07,2023-06-14,http://kayak.com/flights/EWR-SLC/2023-06-07/2023-06-14/
Nashville,Estados Unidos,143.0,204.89,Spirit Airlines,BNA,2023-06-05,2023-06-09,http://kayak.com/flights/EWR-BNA/2023-06-05/2023-06-09/
Raleigh,Estados Unidos,106.0,157.9,United Airlines,RDU,2023-06-08,2023-06-12,http://kayak.com/flights/EWR-RDU/2023-06-08/2023-06-12/
Cidade do Cabo,África do Sul,2100.0,1160.7,British Airways,CPT,2023-06-09,2023-06-13,http://kayak.com/flights/EWR-CPT/2023-06-09/2023-06-13/
Cracóvia,Polónia,1130.0,953.93,Delta,KRK,2023-06-14,2023-06-21,http://kayak.com/flights/EWR-KRK/2023-06-14/2023-06-21/
Buenos Aires,Argentina,2483.0,924.8,LATAM Airlines,BUE,2023-06-01,2023-06-08,http://kayak.com/flights/EWR-BUE/2023-06-01/2023-06-08/
São Paulo,Brasil,1688.0,664.46,LATAM Airlines,GRU,2023-06-02,2023-06-09,http://kayak.com/flights/EWR-GRU/2023-06-02/2023-06-09/
Edimburgo,Reino Unido,1500.0,998.1,Aer Lingus,EDI,2023-06-10,2023-06-15,http://kayak.com/flights/EWR-EDI/2023-06-10/2023-06-15/
Marraquexe,Marrocos,1855.0,1030.06,TAP AIR PORTUGAL,RAK,2023-06-03,2023-06-08,http://kayak.com/flights/EWR-RAK/2023-06-03/2023-06-08/
Medellín,Colômbia,1809.0,544.17,Várias companhias aéreas,MDE,2023-06-01,2023-06-06,http://kayak.com/flights/EWR-MDE/2023-06-01/2023-06-06/
Detroit,Estados Unidos,117.0,223.68,United Airlines,DTW,2023-06-04,2023-06-09,http://kayak.com/flights/EWR-DTW/2023-06-04/2023-06-09/
Montreal,Canadá,358.0,202.07,Porter Airlines,YMQ,2023-06-05,2023-06-12,http://kayak.com/flights/EWR-YMQ/2023-06-05/2023-06-12/
Estugarda,Alemanha,1675.0,1151.3,Turkish Airlines,STR,2023-06-21,2023-06-28,http://kayak.com/flights/EWR-STR/2023-06-21/2023-06-28/
Gotemburgo,Suécia,885.0,688.9,Scandinavian Airlines,GOT,2023-06-06,2023-06-13,http://kayak.com/flights/EWR-GOT/2023-06-06/2023-06-13/
Valência,Espanha,890.0,992.47,British Airways,VLC,2023-06-12,2023-06-18,http://kayak.com/flights/EWR-VLC/2023-06-12/2023-06-18/
Nova Orleães,Estados Unidos,197.0,195.49,United Airlines,MSY,2023-06-02,2023-06-09,http://kayak.com/flights/EWR-MSY/2023-06-02/2023-06-09/
Milão,Itália,1710.0,663.52,Scandinavian Airlines,MXP,2023-06-05,2023-06-12,http://kayak.com/flights/EWR-MXP/2023-06-05/2023-06-12/
Baltimore,Estados Unidos,540.0,404.13,Várias companhias aéreas,BWI,2023-06-17,2023-06-24,http://kayak.com/flights/EWR-BWI/2023-06-17/2023-06-24/
Rio de Janeiro,Brasil,1568.0,703.0,LATAM Airlines,RIO,2023-06-11,2023-06-18,http://kayak.com/flights/EWR-RIO/2023-06-11/2023-06-18/
Houston,Estados Unidos,229.0,281.01,Spirit Airlines,HOU,2023-06-14,2023-06-19,http://kayak.com/flights/EWR-HOU/2023-06-14/2023-06-19/
Bucareste,Roménia,1147.0,1237.76,Air Canada,BUH,2023-06-14,2023-06-21,http://kayak.com/flights/EWR-BUH/2023-06-14/2023-06-21/
Phuket,Tailândia,1690.0,2224.58,British Airways,HKT,2023-06-23,2023-06-30,http://kayak.com/flights/EWR-HKT/2023-06-23/2023-06-30/
Luqa,Malta,980.0,982.13,Várias companhias aéreas,MLA,2023-06-01,2023-06-06,http://kayak.com/flights/EWR-MLA/2023-06-01/2023-06-06/
Riga,Letónia,935.0,873.11,airBaltic,RIX,2023-06-13,2023-06-19,http://kayak.com/flights/EWR-RIX/2023-06-13/2023-06-19/
Punta Cana,República Dominicana,254.0,455.82,United Airlines,PUJ,2023-06-05,2023-06-09,http://kayak.com/flights/EWR-PUJ/2023-06-05/2023-06-09/
Amã,Jordânia,1660.0,1011.26,Air Canada,AMM,2023-06-08,2023-06-13,http://kayak.com/flights/EWR-AMM/2023-06-08/2023-06-13/
Beirute,Líbano,1455.0,986.83,Várias companhias aéreas,BEY,2023-06-01,2023-06-08,http://kayak.com/flights/EWR-BEY/2023-06-01/2023-06-08/
Toulouse,França,870.0,921.98,Várias companhias aéreas,TLS,2023-06-18,2023-06-22,http://kayak.com/flights/EWR-TLS/2023-06-18/2023-06-22/
Auckland,Nova Zelândia,1810.0,1956.73,Várias companhias aéreas,AKL,2023-06-17,2023-06-24,http://kayak.com/flights/EWR-AKL/2023-06-17/2023-06-24/
Calgary,Canadá,581.0,418.23,Várias companhias aéreas,YYC,2023-06-14,2023-06-21,http://kayak.com/flights/EWR-YYC/2023-06-14/2023-06-21/
Brisbane,Austrália,1940.0,1697.34,Air Canada,BNE,2023-06-24,2023-06-30,http://kayak.com/flights/EWR-BNE/2023-06-24/2023-06-30/
Hyderabad,Índia,2326.0,1518.77,Várias companhias aéreas,HYD,2023-06-15,2023-06-19,http://kayak.com/flights/EWR-HYD/2023-06-15/2023-06-19/
Cleveland,Estados Unidos,96.0,157.9,United Airlines,CLE,2023-06-18,2023-06-25,http://kayak.com/flights/EWR-CLE/2023-06-18/2023-06-25/
Bordéus,França,1415.0,958.63,Várias companhias aéreas,BOD,2023-06-08,2023-06-13,http://kayak.com/flights/EWR-BOD/2023-06-08/2023-06-13/
Catânia,Itália,1065.0,1085.51,Várias companhias aéreas,CTA,2023-06-10,2023-06-17,http://kayak.com/flights/EWR-CTA/2023-06-10/2023-06-17/
Sevilha,Espanha,1870.0,1219.9,Várias companhias aéreas,SVQ,2023-06-20,2023-06-26,http://kayak.com/flights/EWR-SVQ/2023-06-20/2023-06-26/
Colónia,Alemanha,1660.0,1116.52,Turkish Airlines,CGN,2023-06-04,2023-06-11,http://kayak.com/flights/EWR-CGN/2023-06-04/2023-06-11/
Bucareste,Roménia,1147.0,1237.76,Air Canada,OTP,2023-06-14,2023-06-21,http://kayak.com/flights/EWR-OTP/2023-06-14/2023-06-21/
Cebu,Filipinas,1617.0,1365.58,Korean Air,CEB,2023-06-12,2023-06-18,http://kayak.com/flights/EWR-CEB/2023-06-12/2023-06-18/
Las Palmas,Espanha,1025.0,1411.63,Várias companhias aéreas,LPA,2023-06-24,2023-06-29,http://kayak.com/flights/EWR-LPA/2023-06-24/2023-06-29/
Santo Domingo,República Dominicana,246.0,327.07,United Airlines,SDQ,2023-06-08,2023-06-13,http://kayak.com/flights/EWR-SDQ/2023-06-08/2023-06-13/
Fort Myers,Estados Unidos,185.0,190.79,JetBlue,RSW,2023-06-05,2023-06-09,http://kayak.com/flights/EWR-RSW/2023-06-05/2023-06-09/
Jidá,Arábia Saudita,1965.0,1189.83,Ethiopian Air,JED,2023-06-01,2023-06-08,http://kayak.com/flights/EWR-JED/2023-06-01/2023-06-08/
Faro,Portugal,1030.0,928.56,Várias companhias aéreas,FAO,2023-06-08,2023-06-15,http://kayak.com/flights/EWR-FAO/2023-06-08/2023-06-15/
Cidade da Guatemala,Guatemala,960.0,472.74,Várias companhias aéreas,GUA,2023-06-07,2023-06-13,http://kayak.com/flights/EWR-GUA/2023-06-07/2023-06-13/
Bolonha,Itália,1810.0,1007.5,TAP AIR PORTUGAL,BLQ,2023-06-04,2023-06-08,http://kayak.com/flights/EWR-BLQ/2023-06-04/2023-06-08/
Bangalore,Índia,1335.0,2116.5,Lufthansa,BLR,2023-06-08,2023-06-14,http://kayak.com/flights/EWR-BLR/2023-06-08/2023-06-14/
Guadalajara,México,2092.0,727.43,Alaska Airlines,GDL,2023-06-07,2023-06-12,http://kayak.com/flights/EWR-GDL/2023-06-07/2023-06-12/
"Washington, D.C.",Estados Unidos,484.0,380.64,JetBlue,DCA,2023-06-04,2023-06-08,http://kayak.com/flights/EWR-DCA/2023-06-04/2023-06-08/
Birmingham,Reino Unido,1935.0,861.83,Scandinavian Airlines,BHX,2023-06-19,2023-06-26,http://kayak.com/flights/EWR-BHX/2023-06-19/2023-06-26/
Chennai,Índia,2105.0,1429.49,Emirates,MAA,2023-06-08,2023-06-14,http://kayak.com/flights/EWR-MAA/2023-06-08/2023-06-14/
Casablanca,Marrocos,1015.0,903.18,Delta,CMN,2023-06-06,2023-06-13,http://kayak.com/flights/EWR-CMN/2023-06-06/2023-06-13/
Tallin,Estónia,775.0,1091.15,Scandinavian Airlines,TLL,2023-06-20,2023-06-27,http://kayak.com/flights/EWR-TLL/2023-06-20/2023-06-27/
Londres,Reino Unido,670.0,647.55,Icelandair,LGW,2023-06-06,2023-06-13,http://kayak.com/flights/EWR-LGW/2023-06-06/2023-06-13/
Florença,Itália,1195.0,1107.12,Várias companhias aéreas,FLR,2023-06-10,2023-06-15,http://kayak.com/flights/EWR-FLR/2023-06-10/2023-06-15/
Palermo,Itália,1025.0,923.86,Várias companhias aéreas,PMO,2023-06-11,2023-06-17,http://kayak.com/flights/EWR-PMO/2023-06-11/2023-06-17/
Colombo,Sri Lanka,4150.0,2897.5,Singapore Airlines,CMB,2023-06-24,2023-06-30,http://kayak.com/flights/EWR-CMB/2023-06-24/2023-06-30/
Jacksonville,Estados Unidos,277.0,261.28,United Airlines,JAX,2023-06-21,2023-06-28,http://kayak.com/flights/EWR-JAX/2023-06-21/2023-06-28/
Cidade do Panamá,Panamá,317.0,780.06,United Airlines,PTY,2023-06-17,2023-06-24,http://kayak.com/flights/EWR-PTY/2023-06-17/2023-06-24/
Indianápolis,Estados Unidos,264.0,186.09,United Airlines,IND,2023-06-08,2023-06-12,http://kayak.com/flights/EWR-IND/2023-06-08/2023-06-12/
Pittsburgh,Estados Unidos,83.0,156.96,Spirit Airlines,PIT,2023-06-08,2023-06-13,http://kayak.com/flights/EWR-PIT/2023-06-08/2023-06-13/
Ibiza,Espanha,1515.0,1059.19,TAP AIR PORTUGAL,IBZ,2023-06-14,2023-06-19,http://kayak.com/flights/EWR-IBZ/2023-06-14/2023-06-19/
Hanover,Alemanha,1660.0,1285.69,Turkish Airlines,HAJ,2023-06-20,2023-06-25,http://kayak.com/flights/EWR-HAJ/2023-06-20/2023-06-25/
Cartagena,Colômbia,1789.0,484.02,Várias companhias aéreas,CTG,2023-06-08,2023-06-12,http://kayak.com/flights/EWR-CTG/2023-06-08/2023-06-12/
São Salvador,El Salvador,969.0,485.9,American Airlines,SAL,2023-06-03,2023-06-10,http://kayak.com/flights/EWR-SAL/2023-06-03/2023-06-10/
Split,Croácia,805.0,1002.8,Várias companhias aéreas,SPU,2023-06-17,2023-06-23,http://kayak.com/flights/EWR-SPU/2023-06-17/2023-06-23/
Lárnaca,Chipre,3370.0,1477.42,Emirates,LCA,2023-06-15,2023-06-20,http://kayak.com/flights/EWR-LCA/2023-06-15/2023-06-20/
Túnis,Tunísia,1415.0,1179.49,Lufthansa,TUN,2023-06-11,2023-06-15,http://kayak.com/flights/EWR-TUN/2023-06-11/2023-06-15/
Hanói,Vietname,3625.0,1563.88,Várias companhias aéreas,HAN,2023-06-11,2023-06-16,http://kayak.com/flights/EWR-HAN/2023-06-11/2023-06-16/
Funchal,Portugal,1270.0,1016.9,TAP AIR PORTUGAL,FNC,2023-06-14,2023-06-20,http://kayak.com/flights/EWR-FNC/2023-06-14/2023-06-20/
San Antonio,Estados Unidos,856.0,378.76,United Airlines,SAT,2023-06-14,2023-06-18,http://kayak.com/flights/EWR-SAT/2023-06-14/2023-06-18/
West Palm Beach,Estados Unidos,173.0,280.07,JetBlue,PBI,2023-06-24,2023-06-30,http://kayak.com/flights/EWR-PBI/2023-06-24/2023-06-30/
Quito,Equador,1686.0,503.75,Várias companhias aéreas,UIO,2023-06-01,2023-06-07,http://kayak.com/flights/EWR-UIO/2023-06-01/2023-06-07/
Heraclião,Grécia,1815.0,1428.55,SWISS,HER,2023-06-03,2023-06-10,http://kayak.com/flights/EWR-HER/2023-06-03/2023-06-10/
Cincinnati,Estados Unidos,128.0,190.79,United Airlines,CVG,2023-06-21,2023-06-25,http://kayak.com/flights/EWR-CVG/2023-06-21/2023-06-25/
Manágua,Nicarágua,619.0,710.52,American Airlines,MGA,2023-06-08,2023-06-15,http://kayak.com/flights/EWR-MGA/2023-06-08/2023-06-15/
Santa Cruz de Tenerife,Espanha,1095.0,1178.55,Várias companhias aéreas,TCI,2023-06-01,2023-06-07,http://kayak.com/flights/EWR-TCI/2023-06-01/2023-06-07/
Bilbau,Espanha,2320.0,1181.37,SWISS,BIO,2023-06-13,2023-06-17,http://kayak.com/flights/EWR-BIO/2023-06-13/2023-06-17/
Gdansk,Polónia,2255.0,1012.2,Scandinavian Airlines,GDN,2023-06-11,2023-06-18,http://kayak.com/flights/EWR-GDN/2023-06-11/2023-06-18/
Santa Ana,Estados Unidos,782.0,405.07,Várias companhias aéreas,SNA,2023-06-09,2023-06-13,http://kayak.com/flights/EWR-SNA/2023-06-09/2023-06-13/
Montego Bay,Jamaica,243.0,351.5,United Airlines,MBJ,2023-06-02,2023-06-08,http://kayak.com/flights/EWR-MBJ/2023-06-02/2023-06-08/
Sófia,Bulgária,915.0,1255.62,Várias companhias aéreas,SOF,2023-06-01,2023-06-08,http://kayak.com/flights/EWR-SOF/2023-06-01/2023-06-08/
Zagreb,Croácia,1810.0,1122.16,LOT,ZAG,2023-06-06,2023-06-13,http://kayak.com/flights/EWR-ZAG/2023-06-06/2023-06-13/
St Louis,Estados Unidos,163.0,359.96,United Airlines,STL,2023-06-01,2023-06-05,http://kayak.com/flights/EWR-STL/2023-06-01/2023-06-05/
Charleston,Estados Unidos,131.0,176.69,United Airlines,CHS,2023-06-17,2023-06-24,http://kayak.com/flights/EWR-CHS/2023-06-17/2023-06-24/
Detroit,Estados Unidos,117.0,223.68,United Airlines,DTT,2023-06-04,2023-06-09,http://kayak.com/flights/EWR-DTT/2023-06-04/2023-06-09/
Columbus,Estados Unidos,226.0,322.37,United Airlines,CMH,2023-06-18,2023-06-23,http://kayak.com/flights/EWR-CMH/2023-06-18/2023-06-23/
Guaiaquil,Equador,1139.0,570.48,United Airlines,GYE,2023-06-08,2023-06-12,http://kayak.com/flights/EWR-GYE/2023-06-08/2023-06-12/
Belgrado,Sérvia,1390.0,952.05,Várias companhias aéreas,BEG,2023-06-14,2023-06-20,http://kayak.com/flights/EWR-BEG/2023-06-14/2023-06-20/
Bari,Itália,1040.0,1707.68,Lufthansa,BRI,2023-06-10,2023-06-17,http://kayak.com/flights/EWR-BRI/2023-06-10/2023-06-17/
Malé,Maldivas,2455.0,7994.2,United Airlines,MLE,2023-06-01,2023-06-08,http://kayak.com/flights/EWR-MLE/2023-06-01/2023-06-08/
San Jose,Estados Unidos,1262.0,381.58,Spirit Airlines,SJC,2023-06-13,2023-06-20,http://kayak.com/flights/EWR-SJC/2023-06-13/2023-06-20/
Cidade do Kansas,Estados Unidos,188.0,247.18,United Airlines,MCI,2023-06-21,2023-06-28,http://kayak.com/flights/EWR-MCI/2023-06-21/2023-06-28/
Reiquiavique,Islândia,375.0,514.09,Icelandair,REK,2023-06-03,2023-06-09,http://kayak.com/flights/EWR-REK/2023-06-03/2023-06-09/
Nairobi,Quénia,1325.0,1226.48,British Airways,NBO,2023-06-06,2023-06-12,http://kayak.com/flights/EWR-NBO/2023-06-06/2023-06-12/
Tirana,Albânia,1326.0,1238.7,Várias companhias aéreas,TIA,2023-06-07,2023-06-14,http://kayak.com/flights/EWR-TIA/2023-06-07/2023-06-14/
Antália,Turquia,1435.0,1258.44,Várias companhias aéreas,AYT,2023-06-22,2023-06-28,http://kayak.com/flights/EWR-AYT/2023-06-22/2023-06-28/
Salónica,Grécia,1860.0,1114.64,Austrian Airlines,SKG,2023-06-11,2023-06-17,http://kayak.com/flights/EWR-SKG/2023-06-11/2023-06-17/
Tóquio,Japão,965.0,1545.09,Várias companhias aéreas,HND,2023-06-14,2023-06-21,http://kayak.com/flights/EWR-HND/2023-06-14/2023-06-21/
Granadilla de Abona,Espanha,1450.0,1211.45,Várias companhias aéreas,TFS,2023-06-01,2023-06-07,http://kayak.com/flights/EWR-TFS/2023-06-01/2023-06-07/
Katovice,Polónia,1995.0,1296.97,LOT,KTW,2023-06-08,2023-06-13,http://kayak.com/flights/EWR-KTW/2023-06-08/2023-06-13/
Cali,Colômbia,955.0,406.01,Várias companhias aéreas,CLO,2023-06-07,2023-06-12,http://kayak.com/flights/EWR-CLO/2023-06-07/2023-06-12/
Ahmedabad,Índia,2590.0,1157.88,Várias companhias aéreas,AMD,2023-06-06,2023-06-13,http://kayak.com/flights/EWR-AMD/2023-06-06/2023-06-13/
Vilnius,Lituânia,1660.0,946.41,Turkish Airlines,VNO,2023-06-13,2023-06-19,http://kayak.com/flights/EWR-VNO/2023-06-13/2023-06-19/
Reiquiavique,Islândia,375.0,514.09,Icelandair,KEF,2023-06-03,2023-06-09,http://kayak.com/flights/EWR-KEF/2023-06-03/2023-06-09/
Dubrovnik,Croácia,1735.0,1279.11,LOT,DBV,2023-06-24,2023-06-29,http://kayak.com/flights/EWR-DBV/2023-06-24/2023-06-29/
Lahore,Paquistão,1965.0,1351.48,Várias companhias aéreas,LHE,2023-06-17,2023-06-24,http://kayak.com/flights/EWR-LHE/2023-06-17/2023-06-24/
Katmandu,Nepal,2435.0,2500.89,Singapore Airlines,KTM,2023-06-21,2023-06-26,http://kayak.com/flights/EWR-KTM/2023-06-21/2023-06-26/
Buenos Aires,Argentina,2483.0,924.8,LATAM Airlines,EZE,2023-06-01,2023-06-08,http://kayak.com/flights/EWR-EZE/2023-06-01/2023-06-08/
Port Louis,Maurícia,3125.0,1808.24,SWISS,MRU,2023-06-23,2023-06-30,http://kayak.com/flights/EWR-MRU/2023-06-23/2023-06-30/
Cagliari,Itália,1035.0,1673.84,Várias companhias aéreas,CAG,2023-06-10,2023-06-17,http://kayak.com/flights/EWR-CAG/2023-06-10/2023-06-17/
Daca,Bangladexe,2380.0,1747.15,Várias companhias aéreas,DAC,2023-06-17,2023-06-24,http://kayak.com/flights/EWR-DAC/2023-06-17/2023-06-24/
Acra,Gana,1165.0,1256.56,British Airways,ACC,2023-06-08,2023-06-12,http://kayak.com/flights/EWR-ACC/2023-06-08/2023-06-12/
Luxemburgo,Luxemburgo,1730.0,1110.88,LOT,LUX,2023-06-20,2023-06-27,http://kayak.com/flights/EWR-LUX/2023-06-20/2023-06-27/
Bérgamo,Itália,2425.0,1733.05,Emirates,BGY,2023-06-05,2023-06-12,http://kayak.com/flights/EWR-BGY/2023-06-05/2023-06-12/
Puerto Vallarta,México,374.0,537.59,United Airlines,PVR,2023-06-03,2023-06-10,http://kayak.com/flights/EWR-PVR/2023-06-03/2023-06-10/
San José del Cabo,México,1430.0,639.09,Spirit Airlines,SJD,2023-06-18,2023-06-23,http://kayak.com/flights/EWR-SJD/2023-06-18/2023-06-23/
Sacramento,Estados Unidos,981.0,578.94,Spirit Airlines,SMF,2023-06-13,2023-06-17,http://kayak.com/flights/EWR-SMF/2023-06-13/2023-06-17/
Buffalo,Estados Unidos,83.0,228.38,United Airlines,BUF,2023-06-17,2023-06-21,http://kayak.com/flights/EWR-BUF/2023-06-17/2023-06-21/
Richmond,Estados Unidos,209.0,421.05,United Airlines,RIC,2023-06-21,2023-06-25,http://kayak.com/flights/EWR-RIC/2023-06-21/2023-06-25/
Kahului,Estados Unidos,892.0,731.19,United Airlines,OGG,2023-06-02,2023-06-08,http://kayak.com/flights/EWR-OGG/2023-06-02/2023-06-08/
Glasgow,Reino Unido,1647.0,832.69,American Airlines,GLA,2023-06-03,2023-06-10,http://kayak.com/flights/EWR-GLA/2023-06-03/2023-06-10/
Basileia,Suíça,2175.0,941.71,Turkish Airlines,EAP,2023-06-13,2023-06-19,http://kayak.com/flights/EWR-EAP/2023-06-13/2023-06-19/
Oakland,Estados Unidos,372.0,310.15,Spirit Airlines,OAK,2023-06-05,2023-06-12,http://kayak.com/flights/EWR-OAK/2023-06-05/2023-06-12/
Ontário,Estados Unidos,1216.0,437.03,Várias companhias aéreas,ONT,2023-06-07,2023-06-13,http://kayak.com/flights/EWR-ONT/2023-06-07/2023-06-13/
Milwaukee,Estados Unidos,879.0,416.35,Várias companhias aéreas,MKE,2023-06-21,2023-06-25,http://kayak.com/flights/EWR-MKE/2023-06-21/2023-06-25/
Recife,Brasil,1345.0,778.18,LATAM Airlines,REC,2023-06-14,2023-06-20,http://kayak.com/flights/EWR-REC/2023-06-14/2023-06-20/
Thera,Grécia,805.0,1143.78,British Airways,JTR,2023-06-10,2023-06-17,http://kayak.com/flights/EWR-JTR/2023-06-10/2023-06-17/
Erevã,Arménia,2460.0,1235.88,Várias companhias aéreas,EVN,2023-06-22,2023-06-26,http://kayak.com/flights/EWR-EVN/2023-06-22/2023-06-26/
Riade,Arábia Saudita,1255.0,1271.59,Lufthansa,RUH,2023-06-01,2023-06-07,http://kayak.com/flights/EWR-RUH/2023-06-01/2023-06-07/
Turim,Itália,1295.0,1215.21,Várias companhias aéreas,TRN,2023-06-10,2023-06-17,http://kayak.com/flights/EWR-TRN/2023-06-10/2023-06-17/
Bergen,Noruega,1430.0,960.51,Scandinavian Airlines,BGO,2023-06-20,2023-06-25,http://kayak.com/flights/EWR-BGO/2023-06-20/2023-06-25/
Anchorage,Estados Unidos,1716.0,743.41,Sun Country Air,ANC,2023-06-08,2023-06-14,http://kayak.com/flights/EWR-ANC/2023-06-08/2023-06-14/
Zanzibar,Tanzânia,2025.0,1451.1,Ethiopian Air,ZNZ,2023-06-01,2023-06-05,http://kayak.com/flights/EWR-ZNZ/2023-06-01/2023-06-05/
Corfú,Grécia,2185.0,1487.76,Lufthansa,CFU,2023-06-22,2023-06-29,http://kayak.com/flights/EWR-CFU/2023-06-22/2023-06-29/
Salzburgo,Áustria,867.0,1354.3,Air Canada,SZG,2023-06-14,2023-06-21,http://kayak.com/flights/EWR-SZG/2023-06-14/2023-06-21/
Reno,Estados Unidos,902.0,400.37,Spirit Airlines,RNO,2023-06-13,2023-06-20,http://kayak.com/flights/EWR-RNO/2023-06-13/2023-06-20/
Oranjestad,Aruba,295.0,411.65,United Airlines,AUA,2023-06-04,2023-06-09,http://kayak.com/flights/EWR-AUA/2023-06-04/2023-06-09/
Savannah,Estados Unidos,139.0,179.51,United Airlines,SAV,2023-06-20,2023-06-27,http://kayak.com/flights/EWR-SAV/2023-06-20/2023-06-27/
Myrtle Beach,Estados Unidos,436.0,246.24,Delta,MYR,2023-06-21,2023-06-28,http://kayak.com/flights/EWR-MYR/2023-06-21/2023-06-28/
Syracuse,Estados Unidos,74.0,139.1,United Airlines,SYR,2023-06-21,2023-06-26,http://kayak.com/flights/EWR-SYR/2023-06-21/2023-06-26/
Montevidéu,Uruguai,921.0,1175.73,Copa Airlines,MVD,2023-06-13,2023-06-20,http://kayak.com/flights/EWR-MVD/2023-06-13/2023-06-20/
Ottawa,Canadá,274.0,257.52,Porter Airlines,YOW,2023-06-22,2023-06-26,http://kayak.com/flights/EWR-YOW/2023-06-22/2023-06-26/
Tbilisi,Geórgia,1520.0,1020.66,Turkish Airlines,TBS,2023-06-13,2023-06-19,http://kayak.com/flights/EWR-TBS/2023-06-13/2023-06-19/
Xangai,China,1900.0,2153.16,Ethiopian Air,PVG,2023-06-17,2023-06-24,http://kayak.com/flights/EWR-PVG/2023-06-17/2023-06-24/
Xangai,China,1900.0,2153.16,Ethiopian Air,SHA,2023-06-17,2023-06-24,http://kayak.com/flights/EWR-SHA/2023-06-17/2023-06-24/
Basileia,Suíça,2175.0,941.71,Turkish Airlines,BSL,2023-06-13,2023-06-19,http://kayak.com/flights/EWR-BSL/2023-06-13/2023-06-19/
Nassau,Bahamas,193.0,343.04,United Airlines,NAS,2023-06-05,2023-06-09,http://kayak.com/flights/EWR-NAS/2023-06-05/2023-06-09/
Norfolk,Estados Unidos,104.0,139.1,United Airlines,ORF,2023-06-08,2023-06-12,http://kayak.com/flights/EWR-ORF/2023-06-08/2023-06-12/
Londres,Reino Unido,2165.0,3603.31,Várias companhias aéreas,STN,2023-06-14,2023-06-21,http://kayak.com/flights/EWR-STN/2023-06-14/2023-06-21/
Tamuning,Guam,1559.0,2151.28,United Airlines,GUM,2023-06-21,2023-06-27,http://kayak.com/flights/EWR-GUM/2023-06-21/2023-06-27/
Dakar,Senegal,1590.0,1266.9,TAP AIR PORTUGAL,DSS,2023-06-19,2023-06-25,http://kayak.com/flights/EWR-DSS/2023-06-19/2023-06-25/
Roterdão,Holanda,905.0,1670.08,British Airways,RTM,2023-06-17,2023-06-24,http://kayak.com/flights/EWR-RTM/2023-06-17/2023-06-24/
Edmonton,Canadá,507.0,436.09,Air Canada,YEG,2023-06-01,2023-06-05,http://kayak.com/flights/EWR-YEG/2023-06-01/2023-06-05/
Albuquerque,Estados Unidos,906.0,390.03,Spirit Airlines,ABQ,2023-06-07,2023-06-13,http://kayak.com/flights/EWR-ABQ/2023-06-07/2023-06-13/
Boise,Estados Unidos,735.0,542.29,Delta,BOI,2023-06-06,2023-06-13,http://kayak.com/flights/EWR-BOI/2023-06-06/2023-06-13/
Omaha,Estados Unidos,423.0,363.72,Delta,OMA,2023-06-06,2023-06-11,http://kayak.com/flights/EWR-OMA/2023-06-06/2023-06-11/
Monterrei,México,1731.0,771.61,British Airways,MTY,2023-06-26,2023-06-30,http://kayak.com/flights/EWR-MTY/2023-06-26/2023-06-30/
Fortaleza,Brasil,2188.0,1152.24,LATAM Airlines,FOR,2023-06-21,2023-06-25,http://kayak.com/flights/EWR-FOR/2023-06-21/2023-06-25/
Bristol,Reino Unido,1040.0,904.12,Várias companhias aéreas,BRS,2023-06-14,2023-06-21,http://kayak.com/flights/EWR-BRS/2023-06-14/2023-06-21/
Pisa,Itália,1320.0,1500.91,British Airways,PSA,2023-06-22,2023-06-29,http://kayak.com/flights/EWR-PSA/2023-06-22/2023-06-29/
Osaka,Japão,1160.0,2446.38,Várias companhias aéreas,OSA,2023-06-05,2023-06-09,http://kayak.com/flights/EWR-OSA/2023-06-05/2023-06-09/
Tucson,Estados Unidos,449.0,628.75,American Airlines,TUS,2023-06-18,2023-06-22,http://kayak.com/flights/EWR-TUS/2023-06-18/2023-06-22/
Memphis,Estados Unidos,171.0,374.06,United Airlines,MEM,2023-06-14,2023-06-18,http://kayak.com/flights/EWR-MEM/2023-06-14/2023-06-18/
Sarasota,Estados Unidos,172.0,186.09,United Airlines,SRQ,2023-06-12,2023-06-16,http://kayak.com/flights/EWR-SRQ/2023-06-12/2023-06-16/
Grand Rapids,Estados Unidos,135.0,501.87,United Airlines,GRR,2023-06-21,2023-06-26,http://kayak.com/flights/EWR-GRR/2023-06-21/2023-06-26/
Rochester,Estados Unidos,90.0,242.48,United Airlines,ROC,2023-06-03,2023-06-08,http://kayak.com/flights/EWR-ROC/2023-06-03/2023-06-08/
Olbia,Itália,885.0,937.96,Várias companhias aéreas,OLB,2023-06-10,2023-06-17,http://kayak.com/flights/EWR-OLB/2023-06-10/2023-06-17/
Seul,Coreia do Sul,1535.0,2583.6,Várias companhias aéreas,GMP,2023-06-04,2023-06-11,http://kayak.com/flights/EWR-GMP/2023-06-04/2023-06-11/
Ponta Delgada,Portugal,370.0,885.32,United Airlines,PDL,2023-06-22,2023-06-29,http://kayak.com/flights/EWR-PDL/2023-06-22/2023-06-29/
Milão,Itália,675.0,852.43,Air France,LIN,2023-06-04,2023-06-11,http://kayak.com/flights/EWR-LIN/2023-06-04/2023-06-11/
Spokane,Estados Unidos,2254.0,530.07,American Airlines,GEG,2023-06-22,2023-06-27,http://kayak.com/flights/EWR-GEG/2023-06-22/2023-06-27/
Halifax,Canadá,380.0,258.46,Porter Airlines,YHZ,2023-06-07,2023-06-14,http://kayak.com/flights/EWR-YHZ/2023-06-07/2023-06-14/
Portland,Estados Unidos,550.0,316.73,United Airlines,PWM,2023-06-18,2023-06-23,http://kayak.com/flights/EWR-PWM/2023-06-18/2023-06-23/
Providence,Estados Unidos,86.0,214.29,United Airlines,PVD,2023-06-07,2023-06-11,http://kayak.com/flights/EWR-PVD/2023-06-07/2023-06-11/
Londres,Reino Unido,1787.0,908.82,British Airways,LCY,2023-06-07,2023-06-11,http://kayak.com/flights/EWR-LCY/2023-06-07/2023-06-11/
Jacarta,Indonésia,2305.0,2922.88,Qantas Airways,JKT,2023-06-02,2023-06-06,http://kayak.com/flights/EWR-JKT/2023-06-02/2023-06-06/
Rodes,Grécia,1320.0,1159.76,British Airways,RHO,2023-06-02,2023-06-08,http://kayak.com/flights/EWR-RHO/2023-06-02/2023-06-08/
Tânger,Marrocos,1650.0,922.92,Várias companhias aéreas,TNG,2023-06-12,2023-06-19,http://kayak.com/flights/EWR-TNG/2023-06-12/2023-06-19/
Leipzig,Alemanha,1020.0,1635.31,TAP AIR PORTUGAL,LEJ,2023-06-11,2023-06-16,http://kayak.com/flights/EWR-LEJ/2023-06-11/2023-06-16/
Bozeman,Estados Unidos,948.0,474.62,American Airlines,BZN,2023-06-03,2023-06-07,http://kayak.com/flights/EWR-BZN/2023-06-03/2023-06-07/
Winnipeg,Canadá,584.0,973.67,Delta,YWG,2023-06-17,2023-06-22,http://kayak.com/flights/EWR-YWG/2023-06-17/2023-06-22/
Burbank,Estados Unidos,935.0,531.01,Spirit Airlines,BUR,2023-06-02,2023-06-06,http://kayak.com/flights/EWR-BUR/2023-06-02/2023-06-06/
Palm Springs,Estados Unidos,2174.0,661.65,Alaska Airlines,PSP,2023-06-09,2023-06-13,http://kayak.com/flights/EWR-PSP/2023-06-09/2023-06-13/
Oklahoma City,Estados Unidos,442.0,495.3,American Airlines,OKC,2023-06-15,2023-06-19,http://kayak.com/flights/EWR-OKC/2023-06-15/2023-06-19/
Knoxville,Estados Unidos,286.0,323.31,American Airlines,TYS,2023-06-13,2023-06-20,http://kayak.com/flights/EWR-TYS/2023-06-13/2023-06-20/
Louisville,Estados Unidos,145.0,465.22,United Airlines,SDF,2023-06-15,2023-06-19,http://kayak.com/flights/EWR-SDF/2023-06-15/2023-06-19/
Kingston,Jamaica,606.0,484.96,Várias companhias aéreas,KIN,2023-06-03,2023-06-07,http://kayak.com/flights/EWR-KIN/2023-06-03/2023-06-07/
Pensacola,Estados Unidos,438.0,413.53,American Airlines,PNS,2023-06-13,2023-06-17,http://kayak.com/flights/EWR-PNS/2023-06-13/2023-06-17/
Rio de Janeiro,Brasil,1568.0,703.0,LATAM Airlines,GIG,2023-06-11,2023-06-18,http://kayak.com/flights/EWR-GIG/2023-06-11/2023-06-18/
Londres,Reino Unido,1095.0,730.25,Várias companhias aéreas,LTN,2023-06-06,2023-06-13,http://kayak.com/flights/EWR-LTN/2023-06-06/2023-06-13/
Míconos,Grécia,1875.0,1170.09,British Airways,JMK,2023-06-04,2023-06-10,http://kayak.com/flights/EWR-JMK/2023-06-04/2023-06-10/
Liubliana,Eslovénia,865.0,1202.05,SWISS,LJU,2023-06-06,2023-06-13,http://kayak.com/flights/EWR-LJU/2023-06-06/2023-06-13/
Verona,Itália,1385.0,1661.62,Várias companhias aéreas,VRN,2023-06-01,2023-06-05,http://kayak.com/flights/EWR-VRN/2023-06-01/2023-06-05/
Fresno,Estados Unidos,536.0,548.87,American Airlines,FAT,2023-06-17,2023-06-24,http://kayak.com/flights/EWR-FAT/2023-06-17/2023-06-24/
Des Moines,Estados Unidos,490.0,325.19,Várias companhias aéreas,DSM,2023-06-13,2023-06-20,http://kayak.com/flights/EWR-DSM/2023-06-13/2023-06-20/
Santiago,República Dominicana,237.0,390.03,United Airlines,STI,2023-06-21,2023-06-26,http://kayak.com/flights/EWR-STI/2023-06-21/2023-06-26/
Bridgetown,Barbados,1043.0,627.81,Air Canada,BGI,2023-06-08,2023-06-14,http://kayak.com/flights/EWR-BGI/2023-06-08/2023-06-14/
Porto de Espanha,Trinidad e Tobago,1315.0,725.55,American Airlines,POS,2023-06-01,2023-06-05,http://kayak.com/flights/EWR-POS/2023-06-01/2023-06-05/
Barranquilla,Colômbia,1240.0,537.59,American Airlines,BAQ,2023-06-09,2023-06-13,http://kayak.com/flights/EWR-BAQ/2023-06-09/2023-06-13/
Kailua-Kona,Estados Unidos,1348.0,830.81,Alaska Airlines,KOA,2023-06-08,2023-06-13,http://kayak.com/flights/EWR-KOA/2023-06-08/2023-06-13/
Chania,Grécia,2150.0,1492.46,Várias companhias aéreas,CHQ,2023-06-01,2023-06-07,http://kayak.com/flights/EWR-CHQ/2023-06-01/2023-06-07/
Santa Cruz de Tenerife,Espanha,1095.0,1178.55,Várias companhias aéreas,TFN,2023-06-01,2023-06-07,http://kayak.com/flights/EWR-TFN/2023-06-01/2023-06-07/
Paris,França,780.0,1436.07,Várias companhias aéreas,BVA,2023-06-10,2023-06-17,http://kayak.com/flights/EWR-BVA/2023-06-10/2023-06-17/
Chicago,Estados Unidos,328.0,196.43,Delta,MDW,2023-06-13,2023-06-20,http://kayak.com/flights/EWR-MDW/2023-06-13/2023-06-20/
Santa Marta,Colômbia,2293.0,530.07,Várias companhias aéreas,SMR,2023-06-09,2023-06-13,http://kayak.com/flights/EWR-SMR/2023-06-09/2023-06-13/
Jacarta,Indonésia,2305.0,2922.88,Qantas Airways,CGK,2023-06-02,2023-06-06,http://kayak.com/flights/EWR-CGK/2023-06-02/2023-06-06/
Istambul,Turquia,2080.0,1550.72,Várias companhias aéreas,SAW,2023-06-07,2023-06-14,http://kayak.com/flights/EWR-SAW/2023-06-07/2023-06-14/
Zadar,Croácia,1400.0,1640.01,Várias companhias aéreas,ZAD,2023-06-22,2023-06-28,http://kayak.com/flights/EWR-ZAD/2023-06-22/2023-06-28/
Lagos,Nigéria,1185.0,1664.44,Lufthansa,LOS,2023-06-22,2023-06-28,http://kayak.com/flights/EWR-LOS/2023-06-22/2023-06-28/
Pequim,China,2310.0,1252.8,Várias companhias aéreas,BJS,2023-06-07,2023-06-13,http://kayak.com/flights/EWR-BJS/2023-06-07/2023-06-13/
Cantão,China,2140.0,2143.76,Turkish Airlines,CAN,2023-06-21,2023-06-25,http://kayak.com/flights/EWR-CAN/2023-06-21/2023-06-25/
Phnom Penh,Cambodja,3051.0,1704.86,Várias companhias aéreas,PNH,2023-06-18,2023-06-23,http://kayak.com/flights/EWR-PNH/2023-06-18/2023-06-23/
Bruxelas,Bélgica,815.0,1343.96,Várias companhias aéreas,CRL,2023-06-20,2023-06-26,http://kayak.com/flights/EWR-CRL/2023-06-20/2023-06-26/
Dallas,Estados Unidos,441.0,270.68,Delta,DAL,2023-06-06,2023-06-10,http://kayak.com/flights/EWR-DAL/2023-06-06/2023-06-10/
Saint Thomas Island,Ilhas Virgens Americanas,270.0,548.87,United Airlines,STT,2023-06-04,2023-06-10,http://kayak.com/flights/EWR-STT/2023-06-04/2023-06-10/
Libéria,Costa Rica,319.0,803.56,United Airlines,LIR,2023-06-18,2023-06-25,http://kayak.com/flights/EWR-LIR/2023-06-18/2023-06-25/
San Pedro,Honduras,839.0,635.33,Spirit Airlines,SAP,2023-06-17,2023-06-23,http://kayak.com/flights/EWR-SAP/2023-06-17/2023-06-23/
Pereira,Colômbia,568.0,803.56,United Airlines,PEI,2023-06-07,2023-06-12,http://kayak.com/flights/EWR-PEI/2023-06-07/2023-06-12/
Madison,Estados Unidos,345.0,349.62,Delta,MSN,2023-06-15,2023-06-20,http://kayak.com/flights/EWR-MSN/2023-06-15/2023-06-20/
Pointe-à-Pitre,Guadalupe,1467.0,651.31,Air Canada,PTP,2023-06-17,2023-06-24,http://kayak.com/flights/EWR-PTP/2023-06-17/2023-06-24/
Lihue,Estados Unidos,1325.0,757.51,United Airlines,LIH,2023-06-05,2023-06-12,http://kayak.com/flights/EWR-LIH/2023-06-05/2023-06-12/
Belo Horizonte,Brasil,1021.0,890.96,Várias companhias aéreas,BHZ,2023-06-01,2023-06-06,http://kayak.com/flights/EWR-BHZ/2023-06-01/2023-06-06/
Quebec,Canadá,415.0,234.96,Porter Airlines,YQB,2023-06-24,2023-06-29,http://kayak.com/flights/EWR-YQB/2023-06-24/2023-06-29/
Liverpool,Reino Unido,1380.0,1355.24,Lufthansa,LPL,2023-06-21,2023-06-26,http://kayak.com/flights/EWR-LPL/2023-06-21/2023-06-26/
Calcutá,Índia,1755.0,7569.4,Várias companhias aéreas,CCU,2023-06-04,2023-06-11,http://kayak.com/flights/EWR-CCU/2023-06-04/2023-06-11/
Iași,Roménia,1735.0,1318.59,Austrian Airlines,IAS,2023-06-01,2023-06-08,http://kayak.com/flights/EWR-IAS/2023-06-01/2023-06-08/
Sacramento,Estados Unidos,981.0,578.94,Spirit Airlines,SAC,2023-06-13,2023-06-17,http://kayak.com/flights/EWR-SAC/2023-06-13/2023-06-17/
El Paso,Estados Unidos,477.0,609.95,Delta,ELP,2023-06-20,2023-06-27,http://kayak.com/flights/EWR-ELP/2023-06-20/2023-06-27/
Eugene,Estados Unidos,1022.0,514.09,Várias companhias aéreas,EUG,2023-06-15,2023-06-19,http://kayak.com/flights/EWR-EUG/2023-06-15/2023-06-19/
Asheville,Estados Unidos,136.0,331.76,United Airlines,AVL,2023-06-02,2023-06-08,http://kayak.com/flights/EWR-AVL/2023-06-02/2023-06-08/
Key West,Estados Unidos,348.0,291.35,American Airlines,EYW,2023-06-20,2023-06-27,http://kayak.com/flights/EWR-EYW/2023-06-20/2023-06-27/
Greenville,Estados Unidos,385.0,355.26,Delta,GSP,2023-06-02,2023-06-08,http://kayak.com/flights/EWR-GSP/2023-06-02/2023-06-08/
Belo Horizonte,Brasil,1021.0,890.96,Várias companhias aéreas,CNF,2023-06-01,2023-06-06,http://kayak.com/flights/EWR-CNF/2023-06-01/2023-06-06/
Harare,Zimbábue,1405.0,1410.69,Ethiopian Air,HRE,2023-06-03,2023-06-09,http://kayak.com/flights/EWR-HRE/2023-06-03/2023-06-09/
Zaquinto,Grécia,815.0,1702.98,Várias companhias aéreas,ZTH,2023-06-23,2023-06-30,http://kayak.com/flights/EWR-ZTH/2023-06-23/2023-06-30/
Podgorica,Montenegro,2070.0,1227.42,LOT,TGD,2023-06-23,2023-06-30,http://kayak.com/flights/EWR-TGD/2023-06-23/2023-06-30/
Thiruvananthapuram,Índia,2505.0,1587.38,Emirates,TRV,2023-06-07,2023-06-14,http://kayak.com/flights/EWR-TRV/2023-06-07/2023-06-14/
Sharjah,Emirados Árabes Unidos,1950.0,1779.1,Qatar Airways,SHJ,2023-06-02,2023-06-09,http://kayak.com/flights/EWR-SHJ/2023-06-02/2023-06-09/
Varsóvia,Polónia,1435.0,873.11,Várias companhias aéreas,WMI,2023-06-06,2023-06-13,http://kayak.com/flights/EWR-WMI/2023-06-06/2023-06-13/
Veneza,Itália,1120.0,1151.3,Várias companhias aéreas,TSF,2023-06-04,2023-06-09,http://kayak.com/flights/EWR-TSF/2023-06-04/2023-06-09/
Redmond,Estados Unidos,1620.0,643.79,Várias companhias aéreas,RDM,2023-06-23,2023-06-27,http://kayak.com/flights/EWR-RDM/2023-06-23/2023-06-27/
Tulsa,Estados Unidos,355.0,674.8,American Airlines,TUL,2023-06-19,2023-06-25,http://kayak.com/flights/EWR-TUL/2023-06-19/2023-06-25/
Providenciales,Ilhas Turcas e Caicos,1435.0,438.91,United Airlines,PLS,2023-06-01,2023-06-05,http://kayak.com/flights/EWR-PLS/2023-06-01/2023-06-05/
Cidade de Belize,Belize,495.0,596.8,United Airlines,BZE,2023-06-03,2023-06-07,http://kayak.com/flights/EWR-BZE/2023-06-03/2023-06-07/
Simpson Bay,São Martinho (Sint Maarten),1135.0,684.2,Várias companhias aéreas,SXM,2023-06-15,2023-06-21,http://kayak.com/flights/EWR-SXM/2023-06-15/2023-06-21/
San Andrés,Colômbia,1744.0,632.51,Copa Airlines,ADZ,2023-06-15,2023-06-19,http://kayak.com/flights/EWR-ADZ/2023-06-15/2023-06-19/
Maceió,Brasil,3667.0,997.16,Várias companhias aéreas,MCZ,2023-06-05,2023-06-12,http://kayak.com/flights/EWR-MCZ/2023-06-05/2023-06-12/
São Paulo,Brasil,1693.0,1759.37,GOL,CGH,2023-06-24,2023-06-30,http://kayak.com/flights/EWR-CGH/2023-06-24/2023-06-30/
Dar Es Salaam,Tanzânia,1375.0,1529.11,Ethiopian Air,DAR,2023-06-22,2023-06-29,http://kayak.com/flights/EWR-DAR/2023-06-22/2023-06-29/
Lamezia Terme,Itália,1990.0,2420.07,Várias companhias aéreas,SUF,2023-06-09,2023-06-16,http://kayak.com/flights/EWR-SUF/2023-06-09/2023-06-16/
Banguecoque,Tailândia,2100.0,2312.93,Várias companhias aéreas,DMK,2023-06-12,2023-06-16,http://kayak.com/flights/EWR-DMK/2023-06-12/2023-06-16/
Missoula,Estados Unidos,1049.0,551.69,American Airlines,MSO,2023-06-18,2023-06-23,http://kayak.com/flights/EWR-MSO/2023-06-18/2023-06-23/
Kalispell,Estados Unidos,1552.0,665.4,American Airlines,FCA,2023-06-16,2023-06-20,http://kayak.com/flights/EWR-FCA/2023-06-16/2023-06-20/
Vitória,Canadá,975.0,610.89,Air Canada,YYJ,2023-06-04,2023-06-10,http://kayak.com/flights/EWR-YYJ/2023-06-04/2023-06-10/
Colorado Springs,Estados Unidos,560.0,515.97,American Airlines,COS,2023-06-01,2023-06-08,http://kayak.com/flights/EWR-COS/2023-06-01/2023-06-08/
Medford,Estados Unidos,1449.0,641.91,Várias companhias aéreas,MFR,2023-06-22,2023-06-26,http://kayak.com/flights/EWR-MFR/2023-06-22/2023-06-26/
León,México,1045.0,586.46,American Airlines,BJX,2023-06-19,2023-06-26,http://kayak.com/flights/EWR-BJX/2023-06-19/2023-06-26/
Aguadilla,Porto Rico,948.0,445.48,Spirit Airlines,BQN,2023-06-11,2023-06-15,http://kayak.com/flights/EWR-BQN/2023-06-11/2023-06-15/
Fort-de-France,Martinica,1300.0,585.52,Air Canada,FDF,2023-06-10,2023-06-14,http://kayak.com/flights/EWR-FDF/2023-06-10/2023-06-14/
Panama City,Estados Unidos,264.0,375.0,Delta,ECP,2023-06-01,2023-06-05,http://kayak.com/flights/EWR-ECP/2023-06-01/2023-06-05/
Cuzco,Perú,1157.0,1169.15,Várias companhias aéreas,CUZ,2023-06-03,2023-06-10,http://kayak.com/flights/EWR-CUZ/2023-06-03/2023-06-10/
Shannon,Irlanda,810.0,999.98,United Airlines,SNN,2023-06-14,2023-06-18,http://kayak.com/flights/EWR-SNN/2023-06-14/2023-06-18/
Saraievo,Bósnia-Herzegóvina,1250.0,1197.35,Várias companhias aéreas,SJJ,2023-06-20,2023-06-27,http://kayak.com/flights/EWR-SJJ/2023-06-20/2023-06-27/
Génova,Itália,760.0,1382.49,Lufthansa,GOA,2023-06-21,2023-06-28,http://kayak.com/flights/EWR-GOA/2023-06-21/2023-06-28/
Banjul,Gâmbia,1350.0,1509.37,Várias companhias aéreas,BJL,2023-06-15,2023-06-19,http://kayak.com/flights/EWR-BJL/2023-06-15/2023-06-19/
Rabate,Marrocos,945.0,885.32,Delta,RBA,2023-06-07,2023-06-12,http://kayak.com/flights/EWR-RBA/2023-06-07/2023-06-12/
Jerez de la Frontera,Espanha,2555.0,1250.92,Várias companhias aéreas,XRY,2023-06-21,2023-06-28,http://kayak.com/flights/EWR-XRY/2023-06-21/2023-06-28/
Quichinau,Moldávia,1730.0,1219.9,Austrian Airlines,KIV,2023-06-18,2023-06-24,http://kayak.com/flights/EWR-KIV/2023-06-18/2023-06-24/
Oslo,Noruega,1425.0,1163.51,Scandinavian Airlines,TRF,2023-06-18,2023-06-25,http://kayak.com/flights/EWR-TRF/2023-06-18/2023-06-25/
Billings,Estados Unidos,1147.0,709.58,American Airlines,BIL,2023-06-21,2023-06-28,http://kayak.com/flights/EWR-BIL/2023-06-21/2023-06-28/
Saskatoon,Canadá,818.0,571.42,Air Canada,YXE,2023-06-05,2023-06-10,http://kayak.com/flights/EWR-YXE/2023-06-05/2023-06-10/
Kelowna,Canadá,913.0,484.02,United Airlines,YLW,2023-06-08,2023-06-14,http://kayak.com/flights/EWR-YLW/2023-06-08/2023-06-14/
Jackson,Estados Unidos,1388.0,561.08,American Airlines,JAC,2023-06-08,2023-06-15,http://kayak.com/flights/EWR-JAC/2023-06-08/2023-06-15/
Cedar Rapids,Estados Unidos,384.0,461.46,American Airlines,CID,2023-06-08,2023-06-13,http://kayak.com/flights/EWR-CID/2023-06-08/2023-06-13/
Fayetteville,Estados Unidos,369.0,401.31,American Airlines,XNA,2023-06-21,2023-06-28,http://kayak.com/flights/EWR-XNA/2023-06-21/2023-06-28/
Willemstad,Curaçao,1325.0,537.59,American Airlines,CUR,2023-06-23,2023-06-29,http://kayak.com/flights/EWR-CUR/2023-06-23/2023-06-29/
Wilmington,Estados Unidos,248.0,295.11,American Airlines,ILM,2023-06-06,2023-06-10,http://kayak.com/flights/EWR-ILM/2023-06-06/2023-06-10/
Porto Plata,República Dominicana,234.0,491.54,United Airlines,POP,2023-06-11,2023-06-17,http://kayak.com/flights/EWR-POP/2023-06-11/2023-06-17/
Dayton,Estados Unidos,351.0,376.88,Delta,DAY,2023-06-01,2023-06-05,http://kayak.com/flights/EWR-DAY/2023-06-01/2023-06-05/
Georgetown,Guiana,717.0,771.61,Copa Airlines,GEO,2023-06-08,2023-06-15,http://kayak.com/flights/EWR-GEO/2023-06-08/2023-06-15/
Mérida,México,487.0,606.2,American Airlines,MID,2023-06-04,2023-06-10,http://kayak.com/flights/EWR-MID/2023-06-04/2023-06-10/
Harrisburg,Estados Unidos,1371.0,671.98,Allegiant Air,MDT,2023-06-25,2023-06-29,http://kayak.com/flights/EWR-MDT/2023-06-25/2023-06-29/
Rio de Janeiro,Brasil,1163.0,742.47,LATAM Airlines,SDU,2023-06-20,2023-06-27,http://kayak.com/flights/EWR-SDU/2023-06-20/2023-06-27/
São Paulo,Brasil,868.0,1189.83,Azul,VCP,2023-06-02,2023-06-09,http://kayak.com/flights/EWR-VCP/2023-06-02/2023-06-09/
Papete,Polinésia Francesa,1555.0,804.5,Várias companhias aéreas,PPT,2023-06-11,2023-06-15,http://kayak.com/flights/EWR-PPT/2023-06-11/2023-06-15/
St John's,Canadá,570.0,530.07,Porter Airlines,YYT,2023-06-01,2023-06-08,http://kayak.com/flights/EWR-YYT/2023-06-01/2023-06-08/
Belfast,Reino Unido,660.0,986.83,British Airways,BFS,2023-06-12,2023-06-18,http://kayak.com/flights/EWR-BFS/2023-06-12/2023-06-18/
Antananarivo,Madagáscar,2220.0,1757.49,Várias companhias aéreas,TNR,2023-06-15,2023-06-22,http://kayak.com/flights/EWR-TNR/2023-06-15/2023-06-22/
Entebbe,Uganda,1440.0,1255.62,Ethiopian Air,EBB,2023-06-03,2023-06-09,http://kayak.com/flights/EWR-EBB/2023-06-03/2023-06-09/
Brindisi,Itália,1070.0,1519.71,Várias companhias aéreas,BDS,2023-06-10,2023-06-17,http://kayak.com/flights/EWR-BDS/2023-06-10/2023-06-17/
Roma,Itália,1260.0,925.74,Várias companhias aéreas,CIA,2023-06-17,2023-06-24,http://kayak.com/flights/EWR-CIA/2023-06-17/2023-06-24/
Nadi,Fiji,2680.0,1612.75,American Airlines,NAN,2023-06-22,2023-06-27,http://kayak.com/flights/EWR-NAN/2023-06-22/2023-06-27/
Nagóia,Japão,1776.0,1687.0,Air Canada,NGO,2023-06-11,2023-06-18,http://kayak.com/flights/EWR-NGO/2023-06-11/2023-06-18/
Trieste,Itália,2165.0,1255.62,TAP AIR PORTUGAL,TRS,2023-06-13,2023-06-20,http://kayak.com/flights/EWR-TRS/2023-06-13/2023-06-20/
Edmonton,Canadá,507.0,436.09,Air Canada,YEA,2023-06-01,2023-06-05,http://kayak.com/flights/EWR-YEA/2023-06-01/2023-06-05/
Santa Rosa,Estados Unidos,1320.0,520.67,Várias companhias aéreas,STS,2023-06-06,2023-06-11,http://kayak.com/flights/EWR-STS/2023-06-06/2023-06-11/
Springfield,Estados Unidos,375.0,508.45,Delta,SGF,2023-06-08,2023-06-12,http://kayak.com/flights/EWR-SGF/2023-06-08/2023-06-12/
Sioux Falls,Estados Unidos,557.0,582.7,American Airlines,FSD,2023-06-23,2023-06-27,http://kayak.com/flights/EWR-FSD/2023-06-23/2023-06-27/
Santa Barbara,Estados Unidos,1392.0,469.92,United Airlines,SBA,2023-06-01,2023-06-05,http://kayak.com/flights/EWR-SBA/2023-06-01/2023-06-05/
Fairbanks,Estados Unidos,951.0,908.82,American Airlines,FAI,2023-06-19,2023-06-26,http://kayak.com/flights/EWR-FAI/2023-06-19/2023-06-26/
Hamilton,Bermudas,155.0,374.06,United Airlines,BDA,2023-06-01,2023-06-05,http://kayak.com/flights/EWR-BDA/2023-06-01/2023-06-05/
Grande Caimão,Ilhas Cayman,246.0,484.96,United Airlines,GCM,2023-06-10,2023-06-17,http://kayak.com/flights/EWR-GCM/2023-06-10/2023-06-17/
Tampa,Estados Unidos,826.0,291.35,Allegiant Air,PIE,2023-06-12,2023-06-16,http://kayak.com/flights/EWR-PIE/2023-06-12/2023-06-16/
Saint George.s,Granada,1693.0,513.15,American Airlines,GND,2023-06-15,2023-06-19,http://kayak.com/flights/EWR-GND/2023-06-15/2023-06-19/
Valparaíso,Estados Unidos,619.0,298.87,Allegiant Air,VPS,2023-06-23,2023-06-29,http://kayak.com/flights/EWR-VPS/2023-06-23/2023-06-29/
Comayagua,Honduras,955.0,582.7,Spirit Airlines,XPL,2023-06-03,2023-06-10,http://kayak.com/flights/EWR-XPL/2023-06-03/2023-06-10/
Lexington,Estados Unidos,291.0,387.21,Delta,LEX,2023-06-22,2023-06-26,http://kayak.com/flights/EWR-LEX/2023-06-22/2023-06-26/
Columbia,Estados Unidos,350.0,364.66,American Airlines,CAE,2023-06-15,2023-06-19,http://kayak.com/flights/EWR-CAE/2023-06-15/2023-06-19/
Huntsville,Estados Unidos,357.0,589.28,Delta,HSV,2023-06-25,2023-06-30,http://kayak.com/flights/EWR-HSV/2023-06-25/2023-06-30/
Daytona Beach,Estados Unidos,411.0,379.7,American Airlines,DAB,2023-06-04,2023-06-11,http://kayak.com/flights/EWR-DAB/2023-06-04/2023-06-11/
Leeds,Reino Unido,1216.0,2015.0,British Airways,LBA,2023-06-20,2023-06-27,http://kayak.com/flights/EWR-LBA/2023-06-20/2023-06-27/
Cork,Irlanda,1668.0,885.32,KLM,ORK,2023-06-01,2023-06-08,http://kayak.com/flights/EWR-ORK/2023-06-01/2023-06-08/
Esmirna,Turquia,1435.0,2105.22,LOT,IZM,2023-06-03,2023-06-10,http://kayak.com/flights/EWR-IZM/2023-06-03/2023-06-10/
Pequim,China,2221.0,2018.76,Várias companhias aéreas,PEK,2023-06-07,2023-06-12,http://kayak.com/flights/EWR-PEK/2023-06-07/2023-06-12/
Kosice,Eslováquia,3245.0,1220.84,LOT,KSC,2023-06-01,2023-06-08,http://kayak.com/flights/EWR-KSC/2023-06-01/2023-06-08/
Dusseldorf,Alemanha,960.0,1191.71,Várias companhias aéreas,NRN,2023-06-09,2023-06-16,http://kayak.com/flights/EWR-NRN/2023-06-09/2023-06-16/
Fargo,Estados Unidos,371.0,492.48,Delta,FAR,2023-06-03,2023-06-07,http://kayak.com/flights/EWR-FAR/2023-06-03/2023-06-07/
Oaxaca,México,572.0,636.27,American Airlines,OAX,2023-06-04,2023-06-10,http://kayak.com/flights/EWR-OAX/2023-06-04/2023-06-10/
Jackson,Estados Unidos,433.0,531.95,American Airlines,JAN,2023-06-04,2023-06-11,http://kayak.com/flights/EWR-JAN/2023-06-04/2023-06-11/
Querétaro,México,796.0,562.96,American Airlines,QRO,2023-06-19,2023-06-26,http://kayak.com/flights/EWR-QRO/2023-06-19/2023-06-26/
Orlando,Estados Unidos,885.0,357.14,Allegiant Air,SFB,2023-06-17,2023-06-22,http://kayak.com/flights/EWR-SFB/2023-06-17/2023-06-22/
Tallahassee,Estados Unidos,275.0,393.79,Delta,TLH,2023-06-03,2023-06-07,http://kayak.com/flights/EWR-TLH/2023-06-03/2023-06-07/
Akron,Estados Unidos,319.0,408.83,American Airlines,CAK,2023-06-07,2023-06-11,http://kayak.com/flights/EWR-CAK/2023-06-07/2023-06-11/
Belfast,Reino Unido,660.0,986.83,British Airways,BHD,2023-06-12,2023-06-18,http://kayak.com/flights/EWR-BHD/2023-06-12/2023-06-18/
Arusha,Tanzânia,1990.0,1813.88,Ethiopian Air,JRO,2023-06-15,2023-06-22,http://kayak.com/flights/EWR-JRO/2023-06-15/2023-06-22/
Trapani,Itália,1630.0,1019.72,Várias companhias aéreas,TPS,2023-06-11,2023-06-18,http://kayak.com/flights/EWR-TPS/2023-06-11/2023-06-18/
Almaty,Cazaquistão,1415.0,1849.59,Várias companhias aéreas,ALA,2023-06-11,2023-06-17,http://kayak.com/flights/EWR-ALA/2023-06-11/2023-06-17/
Malmo,Suécia,2010.0,1128.74,Várias companhias aéreas,MMA,2023-06-03,2023-06-10,http://kayak.com/flights/EWR-MMA/2023-06-03/2023-06-10/
Juneau,Estados Unidos,945.0,999.98,Delta,JNU,2023-06-08,2023-06-12,http://kayak.com/flights/EWR-JNU/2023-06-08/2023-06-12/
Aspen,Estados Unidos,1297.0,652.25,Alaska Airlines,ASE,2023-06-08,2023-06-12,http://kayak.com/flights/EWR-ASE/2023-06-08/2023-06-12/
Rapid City,Estados Unidos,1337.0,699.24,United Airlines,RAP,2023-06-05,2023-06-09,http://kayak.com/flights/EWR-RAP/2023-06-05/2023-06-09/
Aguascalientes,México,1697.0,888.14,Aeromexico,AGU,2023-06-09,2023-06-13,http://kayak.com/flights/EWR-AGU/2023-06-09/2023-06-13/
Saint John's,Antígua e Barbuda,1013.0,520.67,Air Canada,ANU,2023-06-17,2023-06-24,http://kayak.com/flights/EWR-ANU/2023-06-17/2023-06-24/
Castries,Santa Lúcia,307.0,927.62,United Airlines,UVF,2023-06-17,2023-06-24,http://kayak.com/flights/EWR-UVF/2023-06-17/2023-06-24/
Cozumel,México,1212.0,567.66,American Airlines,CZM,2023-06-08,2023-06-12,http://kayak.com/flights/EWR-CZM/2023-06-08/2023-06-12/
Traverse City,Estados Unidos,803.0,431.39,American Airlines,TVC,2023-06-17,2023-06-24,http://kayak.com/flights/EWR-TVC/2023-06-17/2023-06-24/
Bangor,Estados Unidos,114.0,403.19,United Airlines,BGR,2023-06-15,2023-06-19,http://kayak.com/flights/EWR-BGR/2023-06-15/2023-06-19/
Roanoke,Estados Unidos,346.0,304.51,American Airlines,ROA,2023-06-01,2023-06-05,http://kayak.com/flights/EWR-ROA/2023-06-01/2023-06-05/
Green Bay,Estados Unidos,313.0,403.19,Delta,GRB,2023-06-07,2023-06-14,http://kayak.com/flights/EWR-GRB/2023-06-07/2023-06-14/
Montería,Colômbia,1601.0,633.45,Várias companhias aéreas,MTR,2023-06-18,2023-06-25,http://kayak.com/flights/EWR-MTR/2023-06-18/2023-06-25/
Mobile,Estados Unidos,342.0,573.3,American Airlines,MOB,2023-06-10,2023-06-17,http://kayak.com/flights/EWR-MOB/2023-06-10/2023-06-17/
Buenos Aires,Argentina,2457.0,1440.76,GOL,AEP,2023-06-21,2023-06-25,http://kayak.com/flights/EWR-AEP/2023-06-21/2023-06-25/
San Carlos DeBariloche,Argentina,1950.0,1598.66,Várias companhias aéreas,BRC,2023-06-08,2023-06-15,http://kayak.com/flights/EWR-BRC/2023-06-08/2023-06-15/
Aberdeen,Reino Unido,765.0,1001.86,British Airways,ABZ,2023-06-20,2023-06-25,http://kayak.com/flights/EWR-ABZ/2023-06-20/2023-06-25/
Alexandria,Egito,1560.0,1594.9,Turkish Airlines,HBE,2023-06-26,2023-06-30,http://kayak.com/flights/EWR-HBE/2023-06-26/2023-06-30/
Pula,Croácia,1055.0,1710.5,Lufthansa,PUY,2023-06-10,2023-06-17,http://kayak.com/flights/EWR-PUY/2023-06-10/2023-06-17/
Esmirna,Turquia,1435.0,2105.22,LOT,ADB,2023-06-03,2023-06-10,http://kayak.com/flights/EWR-ADB/2023-06-03/2023-06-10/
Algueiro,Itália,1060.0,1332.68,Várias companhias aéreas,AHO,2023-06-10,2023-06-17,http://kayak.com/flights/EWR-AHO/2023-06-10/2023-06-17/
Macau,Macau,2790.0,1768.77,Várias companhias aéreas,MFM,2023-06-05,2023-06-11,http://kayak.com/flights/EWR-MFM/2023-06-05/2023-06-11/
Panglao,Filipinas,2370.0,2546.94,Várias companhias aéreas,TAG,2023-06-12,2023-06-19,http://kayak.com/flights/EWR-TAG/2023-06-12/2023-06-19/
Estocolmo,Suécia,685.0,1505.61,Várias companhias aéreas,BMA,2023-06-14,2023-06-20,http://kayak.com/flights/EWR-BMA/2023-06-14/2023-06-20/
Rzeszów,Polónia,850.0,1405.99,Várias companhias aéreas,RZE,2023-06-19,2023-06-26,http://kayak.com/flights/EWR-RZE/2023-06-19/2023-06-26/
Everett,Estados Unidos,1767.0,734.01,Alaska Airlines,PAE,2023-06-22,2023-06-26,http://kayak.com/flights/EWR-PAE/2023-06-22/2023-06-26/
Helena,Estados Unidos,2091.0,754.69,Várias companhias aéreas,HLN,2023-06-14,2023-06-18,http://kayak.com/flights/EWR-HLN/2023-06-14/2023-06-18/
Comox,Canadá,1467.0,712.4,Várias companhias aéreas,YQQ,2023-06-12,2023-06-18,http://kayak.com/flights/EWR-YQQ/2023-06-12/2023-06-18/
Great Falls,Estados Unidos,1437.0,629.69,Várias companhias aéreas,GTF,2023-06-02,2023-06-09,http://kayak.com/flights/EWR-GTF/2023-06-02/2023-06-09/
Abbotsford,Canadá,650.0,366.54,Várias companhias aéreas,YXX,2023-06-04,2023-06-08,http://kayak.com/flights/EWR-YXX/2023-06-04/2023-06-08/
Nanaimo,Canadá,574.0,581.76,Air Canada,YCD,2023-06-20,2023-06-27,http://kayak.com/flights/EWR-YCD/2023-06-20/2023-06-27/
Santa Fé,Estados Unidos,540.0,539.47,American Airlines,SAF,2023-06-03,2023-06-10,http://kayak.com/flights/EWR-SAF/2023-06-03/2023-06-10/
Phoenix,Estados Unidos,1449.0,453.0,Várias companhias aéreas,AZA,2023-06-19,2023-06-26,http://kayak.com/flights/EWR-AZA/2023-06-19/2023-06-26/
Vail,Estados Unidos,751.0,403.19,American Airlines,EGE,2023-06-03,2023-06-07,http://kayak.com/flights/EWR-EGE/2023-06-03/2023-06-07/
Flagstaff,Estados Unidos,1173.0,766.91,American Airlines,FLG,2023-06-03,2023-06-09,http://kayak.com/flights/EWR-FLG/2023-06-03/2023-06-09/
Shreveport,Estados Unidos,406.0,440.79,Delta,SHV,2023-06-03,2023-06-10,http://kayak.com/flights/EWR-SHV/2023-06-03/2023-06-10/
Idaho Falls,Estados Unidos,1305.0,648.49,Várias companhias aéreas,IDA,2023-06-07,2023-06-11,http://kayak.com/flights/EWR-IDA/2023-06-07/2023-06-11/
Monterey,Estados Unidos,721.0,567.66,American Airlines,MRY,2023-06-23,2023-06-27,http://kayak.com/flights/EWR-MRY/2023-06-23/2023-06-27/
Moline,Estados Unidos,555.0,765.97,United Airlines,MLI,2023-06-08,2023-06-13,http://kayak.com/flights/EWR-MLI/2023-06-08/2023-06-13/
Durango,Estados Unidos,443.0,574.24,American Airlines,DRO,2023-06-10,2023-06-14,http://kayak.com/flights/EWR-DRO/2023-06-10/2023-06-14/
Toronto,Canadá,105.0,157.9,Porter Airlines,YTZ,2023-06-06,2023-06-13,http://kayak.com/flights/EWR-YTZ/2023-06-06/2023-06-13/
Road Town,Ilhas Virgens Britânicas,830.0,685.14,Várias companhias aéreas,EIS,2023-06-22,2023-06-28,http://kayak.com/flights/EWR-EIS/2023-06-22/2023-06-28/
Ponce,Porto Rico,608.0,545.11,JetBlue,PSE,2023-06-24,2023-06-29,http://kayak.com/flights/EWR-PSE/2023-06-24/2023-06-29/
Hilton Head Island,Estados Unidos,388.0,370.3,American Airlines,HHH,2023-06-20,2023-06-24,http://kayak.com/flights/EWR-HHH/2023-06-20/2023-06-24/
Nantucket,Estados Unidos,348.0,319.55,JetBlue,ACK,2023-06-02,2023-06-06,http://kayak.com/flights/EWR-ACK/2023-06-02/2023-06-06/
Coxen Hole,Honduras,507.0,700.18,American Airlines,RTB,2023-06-04,2023-06-09,http://kayak.com/flights/EWR-RTB/2023-06-04/2023-06-09/
Christiansted,Ilhas Virgens Americanas,537.0,507.51,United Airlines,STX,2023-06-15,2023-06-19,http://kayak.com/flights/EWR-STX/2023-06-15/2023-06-19/
Charleston,Estados Unidos,288.0,514.09,American Airlines,CRW,2023-06-12,2023-06-18,http://kayak.com/flights/EWR-CRW/2023-06-12/2023-06-18/
Fayetteville,Estados Unidos,430.0,377.82,Delta,FAY,2023-06-07,2023-06-14,http://kayak.com/flights/EWR-FAY/2023-06-07/2023-06-14/
Ilhéus,Brasil,1508.0,919.16,Várias companhias aéreas,IOS,2023-06-19,2023-06-26,http://kayak.com/flights/EWR-IOS/2023-06-19/2023-06-26/
Inverness,Reino Unido,800.0,757.51,British Airways,INV,2023-06-03,2023-06-10,http://kayak.com/flights/EWR-INV/2023-06-03/2023-06-10/
Southampton,Reino Unido,815.0,1685.12,British Airways,SOU,2023-06-21,2023-06-25,http://kayak.com/flights/EWR-SOU/2023-06-21/2023-06-25/
Cardiff,Reino Unido,1975.0,2404.09,Aer Lingus,CWL,2023-06-19,2023-06-24,http://kayak.com/flights/EWR-CWL/2023-06-19/2023-06-24/
Kigali,Ruanda,1650.0,1794.14,Turkish Airlines,KGL,2023-06-13,2023-06-20,http://kayak.com/flights/EWR-KGL/2023-06-13/2023-06-20/
Abuja,Nigéria,1350.0,1249.04,Lufthansa,ABV,2023-06-21,2023-06-26,http://kayak.com/flights/EWR-ABV/2023-06-21/2023-06-26/
Peshawar,Paquistão,1965.0,1632.49,Várias companhias aéreas,PEW,2023-06-15,2023-06-20,http://kayak.com/flights/EWR-PEW/2023-06-15/2023-06-20/
Taipé,Taiwan,2270.0,1785.68,ANA,TSA,2023-06-22,2023-06-26,http://kayak.com/flights/EWR-TSA/2023-06-22/2023-06-26/
Ulã Bator,Mongólia,1870.0,2268.75,Várias companhias aéreas,UBN,2023-06-07,2023-06-14,http://kayak.com/flights/EWR-UBN/2023-06-07/2023-06-14/
Lajes,Portugal,865.0,1162.57,Várias companhias aéreas,TER,2023-06-10,2023-06-17,http://kayak.com/flights/EWR-TER/2023-06-10/2023-06-17/
Freetown,Serra Leoa,2645.0,1025.36,Várias companhias aéreas,FNA,2023-06-20,2023-06-27,http://kayak.com/flights/EWR-FNA/2023-06-20/2023-06-27/
Rijeka,Croácia,2085.0,1502.79,Várias companhias aéreas,RJK,2023-06-10,2023-06-17,http://kayak.com/flights/EWR-RJK/2023-06-10/2023-06-17/
Malmo,Suécia,2010.0,1128.74,Várias companhias aéreas,MMX,2023-06-03,2023-06-10,http://kayak.com/flights/EWR-MMX/2023-06-03/2023-06-10/
Duluth,Estados Unidos,648.0,942.65,Delta,DLH,2023-06-15,2023-06-19,http://kayak.com/flights/EWR-DLH/2023-06-15/2023-06-19/
Bismarck,Estados Unidos,1280.0,572.36,American Airlines,BIS,2023-06-12,2023-06-19,http://kayak.com/flights/EWR-BIS/2023-06-12/2023-06-19/
Grande Prairie,Canadá,1235.0,641.91,Delta,YQU,2023-06-12,2023-06-16,http://kayak.com/flights/EWR-YQU/2023-06-12/2023-06-16/
Yuma,Estados Unidos,515.0,587.4,American Airlines,YUM,2023-06-16,2023-06-23,http://kayak.com/flights/EWR-YUM/2023-06-16/2023-06-23/
Hailey,Estados Unidos,512.0,1182.31,Delta,SUN,2023-06-19,2023-06-25,http://kayak.com/flights/EWR-SUN/2023-06-19/2023-06-25/
Cidade do México,México,750.0,718.97,Aeromexico,NLU,2023-06-07,2023-06-14,http://kayak.com/flights/EWR-NLU/2023-06-07/2023-06-14/
Montrose,Estados Unidos,1392.0,472.74,American Airlines,MTJ,2023-06-03,2023-06-10,http://kayak.com/flights/EWR-MTJ/2023-06-03/2023-06-10/
Lincoln,Estados Unidos,415.0,987.77,United Airlines,LNK,2023-06-20,2023-06-25,http://kayak.com/flights/EWR-LNK/2023-06-20/2023-06-25/
Tampico,México,980.0,541.35,United Airlines,TAM,2023-06-07,2023-06-14,http://kayak.com/flights/EWR-TAM/2023-06-07/2023-06-14/
Bakersfield,Estados Unidos,852.0,571.42,American Airlines,BFL,2023-06-13,2023-06-20,http://kayak.com/flights/EWR-BFL/2023-06-13/2023-06-20/
Basseterre,São Cristóvão e Neves,514.0,759.39,American Airlines,SKB,2023-06-01,2023-06-08,http://kayak.com/flights/EWR-SKB/2023-06-01/2023-06-08/
Roseau,Dominica,1425.0,716.16,Várias companhias aéreas,DOM,2023-06-14,2023-06-21,http://kayak.com/flights/EWR-DOM/2023-06-14/2023-06-21/
Freeport,Bahamas,586.0,1180.43,American Airlines,FPO,2023-06-02,2023-06-06,http://kayak.com/flights/EWR-FPO/2023-06-02/2023-06-06/
George Town,Bahamas,1232.0,807.32,American Airlines,GGT,2023-06-09,2023-06-16,http://kayak.com/flights/EWR-GGT/2023-06-09/2023-06-16/
Castries,Santa Lúcia,2240.0,937.96,Várias companhias aéreas,SLU,2023-06-04,2023-06-10,http://kayak.com/flights/EWR-SLU/2023-06-04/2023-06-10/
West Tisbury,Estados Unidos,425.0,864.65,Várias companhias aéreas,MVY,2023-06-15,2023-06-19,http://kayak.com/flights/EWR-MVY/2023-06-15/2023-06-19/
Kralendijk,Países Baixos Caribenhos,300.0,562.96,United Airlines,BON,2023-06-03,2023-06-10,http://kayak.com/flights/EWR-BON/2023-06-03/2023-06-10/
Bar Harbor,Estados Unidos,355.0,671.98,Várias companhias aéreas,BHB,2023-06-10,2023-06-17,http://kayak.com/flights/EWR-BHB/2023-06-10/2023-06-17/
Kingstown,São Vicente e Granadinas,562.0,646.61,American Airlines,SVD,2023-06-04,2023-06-09,http://kayak.com/flights/EWR-SVD/2023-06-04/2023-06-09/
Erie,Estados Unidos,529.0,487.78,American Airlines,ERI,2023-06-07,2023-06-14,http://kayak.com/flights/EWR-ERI/2023-06-07/2023-06-14/
Kalamazoo,Estados Unidos,764.0,401.31,American Airlines,AZO,2023-06-01,2023-06-07,http://kayak.com/flights/EWR-AZO/2023-06-01/2023-06-07/
Ítaca,Estados Unidos,79.0,286.65,United Airlines,ITH,2023-06-03,2023-06-10,http://kayak.com/flights/EWR-ITH/2023-06-03/2023-06-10/
Blountville,Estados Unidos,560.0,1047.92,Várias companhias aéreas,TRI,2023-06-07,2023-06-13,http://kayak.com/flights/EWR-TRI/2023-06-07/2023-06-13/
Lynchburg,Estados Unidos,266.0,362.78,American Airlines,LYH,2023-06-12,2023-06-18,http://kayak.com/flights/EWR-LYH/2023-06-12/2023-06-18/
Hilo,Estados Unidos,1128.0,1644.71,Delta,ITO,2023-06-01,2023-06-05,http://kayak.com/flights/EWR-ITO/2023-06-01/2023-06-05/
Ushuaia,Argentina,2095.0,1449.22,Várias companhias aéreas,USH,2023-06-01,2023-06-08,http://kayak.com/flights/EWR-USH/2023-06-01/2023-06-08/
Baltra,Equador,2690.0,1242.46,Várias companhias aéreas,GPS,2023-06-03,2023-06-10,http://kayak.com/flights/EWR-GPS/2023-06-03/2023-06-10/
Sørvágur,Ilhas Faroe,825.0,939.83,Várias companhias aéreas,FAE,2023-06-01,2023-06-05,http://kayak.com/flights/EWR-FAE/2023-06-01/2023-06-05/
Lomé,Togo,1250.0,1173.85,Air France,LFW,2023-06-02,2023-06-09,http://kayak.com/flights/EWR-LFW/2023-06-02/2023-06-09/
Palanga,Lituânia,1240.0,964.27,airBaltic,PLQ,2023-06-13,2023-06-19,http://kayak.com/flights/EWR-PLQ/2023-06-13/2023-06-19/
Molde,Noruega,1290.0,1042.28,Scandinavian Airlines,MOL,2023-06-08,2023-06-15,http://kayak.com/flights/EWR-MOL/2023-06-08/2023-06-15/
Erfurt,Alemanha,2555.0,1749.97,Várias companhias aéreas,ERF,2023-06-11,2023-06-16,http://kayak.com/flights/EWR-ERF/2023-06-11/2023-06-16/
Ålesund,Noruega,1105.0,2084.55,Lufthansa,AES,2023-06-08,2023-06-15,http://kayak.com/flights/EWR-AES/2023-06-08/2023-06-15/
Fort Saint John,Canadá,918.0,741.53,Delta,YXJ,2023-06-01,2023-06-05,http://kayak.com/flights/EWR-YXJ/2023-06-01/2023-06-05/
Butte,Estados Unidos,780.0,871.23,Delta,BTM,2023-06-08,2023-06-15,http://kayak.com/flights/EWR-BTM/2023-06-08/2023-06-15/
West Yellowstone,Estados Unidos,1334.0,614.65,United Airlines,WYS,2023-06-10,2023-06-17,http://kayak.com/flights/EWR-WYS/2023-06-10/2023-06-17/
Cedar City,Estados Unidos,542.0,847.73,Delta,CDC,2023-06-23,2023-06-30,http://kayak.com/flights/EWR-CDC/2023-06-23/2023-06-30/
Waterloo,Estados Unidos,664.0,506.57,American Airlines,ALO,2023-06-08,2023-06-13,http://kayak.com/flights/EWR-ALO/2023-06-08/2023-06-13/
Moab,Estados Unidos,682.0,1239.64,United Airlines,CNY,2023-06-22,2023-06-29,http://kayak.com/flights/EWR-CNY/2023-06-22/2023-06-29/
Telluride,Estados Unidos,1113.0,1041.34,Várias companhias aéreas,TEX,2023-06-08,2023-06-12,http://kayak.com/flights/EWR-TEX/2023-06-08/2023-06-12/
Joplin,Estados Unidos,1115.0,523.49,United Airlines,JLN,2023-06-01,2023-06-07,http://kayak.com/flights/EWR-JLN/2023-06-01/2023-06-07/
Cody,Estados Unidos,616.0,883.45,United Airlines,COD,2023-06-17,2023-06-24,http://kayak.com/flights/EWR-COD/2023-06-17/2023-06-24/
Stillwater,Estados Unidos,1229.0,562.96,American Airlines,SWO,2023-06-18,2023-06-22,http://kayak.com/flights/EWR-SWO/2023-06-18/2023-06-22/
Loreto,México,3128.0,1826.09,American Airlines,LTO,2023-06-06,2023-06-12,http://kayak.com/flights/EWR-LTO/2023-06-06/2023-06-12/
Sheridan,Estados Unidos,601.0,789.46,United Airlines,SHR,2023-06-14,2023-06-18,http://kayak.com/flights/EWR-SHR/2023-06-14/2023-06-18/
Harrison,Estados Unidos,793.0,593.98,Várias companhias aéreas,HRO,2023-06-12,2023-06-16,http://kayak.com/flights/EWR-HRO/2023-06-12/2023-06-16/
San Bernardino,Estados Unidos,1153.0,538.53,Várias companhias aéreas,SBD,2023-06-02,2023-06-06,http://kayak.com/flights/EWR-SBD/2023-06-02/2023-06-06/
Laramie,Estados Unidos,825.0,473.68,United Airlines,LAR,2023-06-14,2023-06-18,http://kayak.com/flights/EWR-LAR/2023-06-14/2023-06-18/
The Valley,Anguila,866.0,644.73,Várias companhias aéreas,AXA,2023-06-02,2023-06-08,http://kayak.com/flights/EWR-AXA/2023-06-02/2023-06-08/
Gustávia,São Bartolomeu,1512.0,1205.81,Várias companhias aéreas,SBH,2023-06-02,2023-06-06,http://kayak.com/flights/EWR-SBH/2023-06-02/2023-06-06/
Vieques,Porto Rico,567.0,710.52,United Airlines,VQS,2023-06-18,2023-06-25,http://kayak.com/flights/EWR-VQS/2023-06-18/2023-06-25/
Cayman Brac,Ilhas Cayman,1705.0,900.36,Várias companhias aéreas,CYB,2023-06-15,2023-06-19,http://kayak.com/flights/EWR-CYB/2023-06-15/2023-06-19/
Brunswick,Estados Unidos,300.0,440.79,Delta,BQK,2023-06-10,2023-06-14,http://kayak.com/flights/EWR-BQK/2023-06-10/2023-06-14/
Grand-Case,São Martinho (Saint-Martin),1477.0,863.71,Várias companhias aéreas,SFG,2023-06-17,2023-06-21,http://kayak.com/flights/EWR-SFG/2023-06-17/2023-06-21/
Valdosta,Estados Unidos,370.0,436.09,Delta,VLD,2023-06-20,2023-06-27,http://kayak.com/flights/EWR-VLD/2023-06-20/2023-06-27/
Florença,Estados Unidos,340.0,271.62,American Airlines,FLO,2023-06-01,2023-06-06,http://kayak.com/flights/EWR-FLO/2023-06-01/2023-06-06/
Hyannis Port,Estados Unidos,600.0,522.55,Várias companhias aéreas,HYA,2023-06-11,2023-06-18,http://kayak.com/flights/EWR-HYA/2023-06-11/2023-06-18/
Little Cayman,Ilhas Cayman,1600.0,952.99,Várias companhias aéreas,LYB,2023-06-24,2023-06-28,http://kayak.com/flights/EWR-LYB/2023-06-24/2023-06-28/
Mayagüez,Porto Rico,1207.0,518.79,Várias companhias aéreas,MAZ,2023-06-21,2023-06-26,http://kayak.com/flights/EWR-MAZ/2023-06-21/2023-06-26/
Port Royal,Bahamas,1200.0,601.5,United Airlines,BIM,2023-06-09,2023-06-16,http://kayak.com/flights/EWR-BIM/2023-06-09/2023-06-16/
Rockland,Estados Unidos,370.0,596.8,JetBlue,RKD,2023-06-08,2023-06-12,http://kayak.com/flights/EWR-RKD/2023-06-08/2023-06-12/
Kapalua,Estados Unidos,1718.0,1188.89,Várias companhias aéreas,JHM,2023-06-08,2023-06-15,http://kayak.com/flights/EWR-JHM/2023-06-08/2023-06-15/
San Cristobal,Equador,2812.0,1181.37,Várias companhias aéreas,SCY,2023-06-03,2023-06-10,http://kayak.com/flights/EWR-SCY/2023-06-03/2023-06-10/
El Calafate,Argentina,2907.0,1778.16,Várias companhias aéreas,FTE,2023-06-10,2023-06-17,http://kayak.com/flights/EWR-FTE/2023-06-10/2023-06-17/
Escanaba,Estados Unidos,458.0,573.3,Delta,ESC,2023-06-15,2023-06-19,http://kayak.com/flights/EWR-ESC/2023-06-15/2023-06-19/
Nuuk,Gronelândia,2097.0,1604.29,Icelandair,GOH,2023-06-08,2023-06-15,http://kayak.com/flights/EWR-GOH/2023-06-08/2023-06-15/
Iron Mountain,Estados Unidos,270.0,521.61,Delta,IMT,2023-06-15,2023-06-19,http://kayak.com/flights/EWR-IMT/2023-06-15/2023-06-19/
Marquette,Estados Unidos,775.0,620.29,American Airlines,MQT,2023-06-15,2023-06-19,http://kayak.com/flights/EWR-MQT/2023-06-15/2023-06-19/
Gander,Canadá,497.0,736.83,Air Canada,YQX,2023-06-01,2023-06-08,http://kayak.com/flights/EWR-YQX/2023-06-01/2023-06-08/
Knock,Irlanda,1962.0,1110.88,Várias companhias aéreas,NOC,2023-06-16,2023-06-23,http://kayak.com/flights/EWR-NOC/2023-06-16/2023-06-23/
Karpathos,Grécia,1690.0,3829.81,Várias companhias aéreas,AOK,2023-06-15,2023-06-22,http://kayak.com/flights/EWR-AOK/2023-06-15/2023-06-22/
Perugia,Itália,1410.0,1809.18,Várias companhias aéreas,PEG,2023-06-14,2023-06-18,http://kayak.com/flights/EWR-PEG/2023-06-14/2023-06-18/
Carcassonne,França,1865.0,1437.94,Várias companhias aéreas,CCF,2023-06-22,2023-06-27,http://kayak.com/flights/EWR-CCF/2023-06-22/2023-06-27/
Paleochori,Grécia,1130.0,1833.61,Várias companhias aéreas,MLO,2023-06-18,2023-06-24,http://kayak.com/flights/EWR-MLO/2023-06-18/2023-06-24/
Osaka,Japão,2170.0,1286.63,ANA,ITM,2023-06-05,2023-06-12,http://kayak.com/flights/EWR-ITM/2023-06-05/2023-06-12/
Pequim,China,2310.0,1252.8,Várias companhias aéreas,PKX,2023-06-07,2023-06-13,http://kayak.com/flights/EWR-PKX/2023-06-07/2023-06-13/
Rayong,Tailândia,2620.0,1646.59,Emirates,UTP,2023-06-06,2023-06-13,http://kayak.com/flights/EWR-UTP/2023-06-06/2023-06-13/
Ilha do Pico,Portugal,2860.0,2082.67,TAP AIR PORTUGAL,PIX,2023-06-10,2023-06-17,http://kayak.com/flights/EWR-PIX/2023-06-10/2023-06-17/
Horta,Portugal,3305.0,2093.95,TAP AIR PORTUGAL,HOR,2023-06-10,2023-06-17,http://kayak.com/flights/EWR-HOR/2023-06-10/2023-06-17/
Nagua,República Dominicana,1052.0,1103.37,Air Canada,AZS,2023-06-08,2023-06-15,http://kayak.com/flights/EWR-AZS/2023-06-08/2023-06-15/
Virgin Gorda,Ilhas Virgens Britânicas,1121.0,1427.61,Várias companhias aéreas,VIJ,2023-06-01,2023-06-08,http://kayak.com/flights/EWR-VIJ/2023-06-01/2023-06-08/
Hoolehua,Estados Unidos,1241.0,1474.6,Várias companhias aéreas,MKK,2023-06-24,2023-06-30,http://kayak.com/flights/EWR-MKK/2023-06-24/2023-06-30/
Waimea (Kamuela),Estados Unidos,1545.0,1288.51,Várias companhias aéreas,MUE,2023-06-15,2023-06-22,http://kayak.com/flights/EWR-MUE/2023-06-15/2023-06-22/
Blantyre,Malaui,2165.0,1711.44,Várias companhias aéreas,BLZ,2023-06-20,2023-06-27,http://kayak.com/flights/EWR-BLZ/2023-06-20/2023-06-27/
Lubumbashi,República Democrática do Congo,2050.0,1628.73,Ethiopian Air,FBM,2023-06-01,2023-06-05,http://kayak.com/flights/EWR-FBM/2023-06-01/2023-06-05/
Aqaba,Jordânia,2378.0,3990.52,American Airlines,AQJ,2023-06-13,2023-06-20,http://kayak.com/flights/EWR-AQJ/2023-06-13/2023-06-20/
Melbourne,Austrália,1828.0,2452.02,Qantas Airways,AVV,2023-06-20,2023-06-27,http://kayak.com/flights/EWR-AVV/2023-06-20/2023-06-27/
Kobe,Japão,1385.0,1493.39,ANA,UKB,2023-06-05,2023-06-12,http://kayak.com/flights/EWR-UKB/2023-06-05/2023-06-12/
Sendai,Japão,1340.0,2114.62,ANA,SDJ,2023-06-23,2023-06-29,http://kayak.com/flights/EWR-SDJ/2023-06-23/2023-06-29/
Savusavu,Fiji,1945.0,7160.57,Várias companhias aéreas,SVU,2023-06-05,2023-06-12,http://kayak.com/flights/EWR-SVU/2023-06-05/2023-06-12/
Suva,Fiji,2611.0,7026.17,Várias companhias aéreas,SUV,2023-06-05,2023-06-12,http://kayak.com/flights/EWR-SUV/2023-06-05/2023-06-12/
Haiphong,Vietname,2235.0,7585.37,Várias companhias aéreas,HPH,2023-06-09,2023-06-15,http://kayak.com/flights/EWR-HPH/2023-06-09/2023-06-15/
