City,Country,Duration,Price,Airline,Airport,Depart,Return,Link,MinPrice,is_MinPrice
Incheon,Coreia do Sul,1755.0,1242.46,Várias companhias aéreas,ICN,2023-03-30,2023-04-03,http://kayak.com/flights/OPO-ICN/2023-03-30/2023-04-03/,1242.46,1.0
Paris,França,130.0,32.9,Ryanair,PAR,2023-06-01,2023-06-06,http://kayak.com/flights/OPO-PAR/2023-06-01/2023-06-06/,32.9,1.0
Nova Iorque,Estados Unidos,850.0,402.25,Várias companhias aéreas,NYC,2023-09-21,2023-09-28,http://kayak.com/flights/OPO-NYC/2023-09-21/2023-09-28/,402.25,1.0
Los Angeles,Estados Unidos,1060.0,665.4,Várias companhias aéreas,LAX,2023-09-18,2023-09-25,http://kayak.com/flights/OPO-LAX/2023-09-18/2023-09-25/,665.4,1.0
Londres,Reino Unido,150.0,64.85,easyJet,LON,2023-11-23,2023-11-28,http://kayak.com/flights/OPO-LON/2023-11-23/2023-11-28/,64.85,1.0
Copenhaga,Dinamarca,210.0,109.97,Ryanair,CPH,2023-04-05,2023-04-12,http://kayak.com/flights/OPO-CPH/2023-04-05/2023-04-12/,109.97,1.0
Banguecoque,Tailândia,1895.0,1154.12,Várias companhias aéreas,BKK,2023-07-13,2023-07-17,http://kayak.com/flights/OPO-BKK/2023-07-13/2023-07-17/,1154.12,1.0
Madrid,Espanha,75.0,31.02,Várias companhias aéreas,MAD,2023-04-12,2023-04-19,http://kayak.com/flights/OPO-MAD/2023-04-12/2023-04-19/,31.02,1.0
Barcelona,Espanha,115.0,27.26,Vueling,BCN,2023-11-11,2023-11-18,http://kayak.com/flights/OPO-BCN/2023-11-11/2023-11-18/,27.26,1.0
Miami,Estados Unidos,1675.0,480.26,American Airlines,MIA,2023-04-10,2023-04-17,http://kayak.com/flights/OPO-MIA/2023-04-10/2023-04-17/,480.26,1.0
São Francisco,Estados Unidos,2040.0,760.33,Várias companhias aéreas,SFO,2023-04-10,2023-04-17,http://kayak.com/flights/OPO-SFO/2023-04-10/2023-04-17/,760.33,1.0
Boston,Estados Unidos,1880.0,516.91,American Airlines,BOS,2023-10-16,2023-10-22,http://kayak.com/flights/OPO-BOS/2023-10-16/2023-10-22/,516.91,1.0
Lisboa,Portugal,60.0,75.19,TAP AIR PORTUGAL,LIS,2023-03-21,2023-03-28,http://kayak.com/flights/OPO-LIS/2023-03-21/2023-03-28/,75.19,1.0
Viena,Áustria,345.0,188.91,Ryanair,VIE,2023-04-09,2023-04-16,http://kayak.com/flights/OPO-VIE/2023-04-09/2023-04-16/,188.91,1.0
Frankfurt,Alemanha,160.0,241.54,Ryanair,FRA,2023-04-01,2023-04-08,http://kayak.com/flights/OPO-FRA/2023-04-01/2023-04-08/,241.54,1.0
Amesterdão,Holanda,670.0,171.05,Vueling,AMS,2023-12-01,2023-12-08,http://kayak.com/flights/OPO-AMS/2023-12-01/2023-12-08/,171.05,1.0
Las Vegas,Estados Unidos,1469.0,708.64,Delta,LAS,2023-04-14,2023-04-20,http://kayak.com/flights/OPO-LAS/2023-04-14/2023-04-20/,708.64,1.0
Roma,Itália,190.0,90.23,Wizz Air,ROM,2023-05-12,2023-05-19,http://kayak.com/flights/OPO-ROM/2023-05-12/2023-05-19/,90.23,1.0
Manila,Filipinas,2370.0,1304.49,Singapore Airlines,MNL,2023-08-21,2023-08-27,http://kayak.com/flights/OPO-MNL/2023-08-21/2023-08-27/,1304.49,1.0
Newark,Estados Unidos,1146.0,495.3,Delta,EWR,2023-04-18,2023-04-22,http://kayak.com/flights/OPO-EWR/2023-04-18/2023-04-22/,495.3,1.0
Atlanta,Estados Unidos,1420.0,619.35,KLM,ATL,2023-04-04,2023-04-09,http://kayak.com/flights/OPO-ATL/2023-04-04/2023-04-09/,619.35,1.0
Seattle,Estados Unidos,2156.0,772.55,American Airlines,SEA,2023-03-18,2023-03-25,http://kayak.com/flights/OPO-SEA/2023-03-18/2023-03-25/,772.55,1.0
Berlim,Alemanha,660.0,183.27,Várias companhias aéreas,BER,2023-06-08,2023-06-12,http://kayak.com/flights/OPO-BER/2023-06-08/2023-06-12/,183.27,1.0
Munique,Alemanha,755.0,182.33,Várias companhias aéreas,MUC,2023-09-16,2023-09-22,http://kayak.com/flights/OPO-MUC/2023-09-16/2023-09-22/,182.33,1.0
Singapura,Singapura,2275.0,922.92,Turkish Airlines,SIN,2023-08-23,2023-08-30,http://kayak.com/flights/OPO-SIN/2023-08-23/2023-08-30/,922.92,1.0
Dallas,Estados Unidos,1045.0,717.1,American Airlines,DFW,2023-05-07,2023-05-13,http://kayak.com/flights/OPO-DFW/2023-05-07/2023-05-13/,717.1,1.0
Dubai,Emirados Árabes Unidos,1690.0,389.09,Várias companhias aéreas,DXB,2023-06-09,2023-06-14,http://kayak.com/flights/OPO-DXB/2023-06-09/2023-06-14/,389.09,1.0
Bogotá,Colômbia,1980.0,899.42,Aeromexico,BOG,2023-04-02,2023-04-09,http://kayak.com/flights/OPO-BOG/2023-04-02/2023-04-09/,899.42,1.0
Denver,Estados Unidos,870.0,692.66,British Airways,DEN,2023-10-21,2023-10-26,http://kayak.com/flights/OPO-DEN/2023-10-21/2023-10-26/,692.66,1.0
Cidade do México,México,2000.0,991.53,Aeromexico,MEX,2023-08-11,2023-08-18,http://kayak.com/flights/OPO-MEX/2023-08-11/2023-08-18/,991.53,1.0
Cancún,México,1385.0,601.5,TAP AIR PORTUGAL,CUN,2023-06-14,2023-06-21,http://kayak.com/flights/OPO-CUN/2023-06-14/2023-06-21/,601.5,1.0
Atenas,Grécia,1330.0,312.03,Brussels Airlines,ATH,2023-06-16,2023-06-21,http://kayak.com/flights/OPO-ATH/2023-06-16/2023-06-21/,312.03,1.0
Chicago,Estados Unidos,1148.0,740.59,KLM,ORD,2023-05-17,2023-05-21,http://kayak.com/flights/OPO-ORD/2023-05-17/2023-05-21/,740.59,1.0
Zurique,Suíça,1025.0,174.81,Várias companhias aéreas,ZRH,2023-04-12,2023-04-18,http://kayak.com/flights/OPO-ZRH/2023-04-12/2023-04-18/,174.81,1.0
Orlando,Estados Unidos,1015.0,546.05,Lufthansa,MCO,2023-09-05,2023-09-11,http://kayak.com/flights/OPO-MCO/2023-09-05/2023-09-11/,546.05,1.0
Milão,Itália,690.0,83.65,Ryanair,MIL,2023-03-28,2023-04-04,http://kayak.com/flights/OPO-MIL/2023-03-28/2023-04-04/,83.65,1.0
Telavive,Israel,1515.0,176.69,Várias companhias aéreas,TLV,2023-06-12,2023-06-18,http://kayak.com/flights/OPO-TLV/2023-06-12/2023-06-18/,176.69,1.0
Toronto,Canadá,1910.0,449.24,United Airlines,YYZ,2023-04-13,2023-04-20,http://kayak.com/flights/OPO-YYZ/2023-04-13/2023-04-20/,449.24,1.0
Fort Lauderdale,Estados Unidos,1068.0,1898.46,Várias companhias aéreas,FLL,2023-03-13,2023-03-20,http://kayak.com/flights/OPO-FLL/2023-03-13/2023-03-20/,1898.46,1.0
Istambul,Turquia,870.0,287.59,Várias companhias aéreas,IST,2023-04-11,2023-04-18,http://kayak.com/flights/OPO-IST/2023-04-11/2023-04-18/,287.59,1.0
Palma de Maiorca,Espanha,465.0,76.13,Várias companhias aéreas,PMI,2023-04-11,2023-04-18,http://kayak.com/flights/OPO-PMI/2023-04-11/2023-04-18/,76.13,1.0
Dublin,Irlanda,1920.0,318.61,SWISS,DUB,2023-06-13,2023-06-17,http://kayak.com/flights/OPO-DUB/2023-06-13/2023-06-17/,318.61,1.0
Tóquio,Japão,2075.0,1249.04,Várias companhias aéreas,TYO,2023-09-08,2023-09-12,http://kayak.com/flights/OPO-TYO/2023-09-08/2023-09-12/,1249.04,1.0
Bruxelas,Bélgica,575.0,69.55,Ryanair,BRU,2023-04-19,2023-04-26,http://kayak.com/flights/OPO-BRU/2023-04-19/2023-04-26/,69.55,1.0
Málaga,Espanha,640.0,96.81,Várias companhias aéreas,AGP,2023-08-28,2023-09-03,http://kayak.com/flights/OPO-AGP/2023-08-28/2023-09-03/,96.81,1.0
Manchester,Reino Unido,325.0,99.63,Ryanair,MAN,2023-04-05,2023-04-10,http://kayak.com/flights/OPO-MAN/2023-04-05/2023-04-10/,99.63,1.0
Oslo,Noruega,485.0,172.93,Várias companhias aéreas,OSL,2023-06-07,2023-06-13,http://kayak.com/flights/OPO-OSL/2023-06-07/2023-06-13/,172.93,1.0
Denpasar,Indonésia,2805.0,1256.56,Várias companhias aéreas,DPS,2023-09-02,2023-09-09,http://kayak.com/flights/OPO-DPS/2023-09-02/2023-09-09/,1256.56,1.0
Dusseldorf,Alemanha,160.0,157.9,Ryanair,DUS,2023-08-25,2023-08-29,http://kayak.com/flights/OPO-DUS/2023-08-25/2023-08-29/,157.9,1.0
Joanesburgo,África do Sul,2240.0,619.35,SWISS,JNB,2023-04-25,2023-05-02,http://kayak.com/flights/OPO-JNB/2023-04-25/2023-05-02/,619.35,1.0
Mumbai,Índia,2715.0,1419.15,Iberia,BOM,2023-03-12,2023-03-18,http://kayak.com/flights/OPO-BOM/2023-03-12/2023-03-18/,1419.15,1.0
Lyon,França,255.0,296.99,Várias companhias aéreas,LYS,2023-04-02,2023-04-09,http://kayak.com/flights/OPO-LYS/2023-04-02/2023-04-09/,296.99,1.0
Helsínquia,Finlândia,1010.0,177.63,Várias companhias aéreas,HEL,2023-04-26,2023-05-02,http://kayak.com/flights/OPO-HEL/2023-04-26/2023-05-02/,177.63,1.0
Hamburgo,Alemanha,925.0,189.85,Ryanair,HAM,2023-05-23,2023-05-28,http://kayak.com/flights/OPO-HAM/2023-05-23/2023-05-28/,189.85,1.0
São Paulo,Brasil,1540.0,856.19,Várias companhias aéreas,SAO,2023-03-13,2023-03-20,http://kayak.com/flights/OPO-SAO/2023-03-13/2023-03-20/,856.19,1.0
Cairo,Egito,2490.0,660.71,Várias companhias aéreas,CAI,2023-04-22,2023-04-29,http://kayak.com/flights/OPO-CAI/2023-04-22/2023-04-29/,660.71,1.0
Lima,Perú,1375.0,921.98,Air Europa,LIM,2023-09-15,2023-09-22,http://kayak.com/flights/OPO-LIM/2023-09-15/2023-09-22/,921.98,1.0
Kuala Lumpur,Malásia,1760.0,1555.42,KLM,KUL,2023-03-21,2023-03-25,http://kayak.com/flights/OPO-KUL/2023-03-21/2023-03-25/,1555.42,1.0
Praga,República Checa,1550.0,208.65,Ryanair,PRG,2023-04-22,2023-04-26,http://kayak.com/flights/OPO-PRG/2023-04-22/2023-04-26/,208.65,1.0
San José,Costa Rica,3323.0,847.73,Air France,SJO,2023-04-25,2023-05-02,http://kayak.com/flights/OPO-SJO/2023-04-25/2023-05-02/,847.73,1.0
Marselha,França,125.0,41.36,Ryanair,MRS,2023-03-24,2023-03-28,http://kayak.com/flights/OPO-MRS/2023-03-24/2023-03-28/,41.36,1.0
Budapeste,Hungria,480.0,108.09,Várias companhias aéreas,BUD,2023-05-04,2023-05-11,http://kayak.com/flights/OPO-BUD/2023-05-04/2023-05-11/,108.09,1.0
São Diego,Estados Unidos,2507.0,839.27,British Airways,SAN,2023-04-22,2023-04-28,http://kayak.com/flights/OPO-SAN/2023-04-22/2023-04-28/,839.27,1.0
Seul,Coreia do Sul,1755.0,1242.46,Várias companhias aéreas,SEL,2023-03-30,2023-04-03,http://kayak.com/flights/OPO-SEL/2023-03-30/2023-04-03/,1242.46,1.0
Nice,França,290.0,95.87,Várias companhias aéreas,NCE,2023-03-22,2023-03-27,http://kayak.com/flights/OPO-NCE/2023-03-22/2023-03-27/,95.87,1.0
Genebra,Suíça,360.0,232.14,Várias companhias aéreas,GVA,2023-04-03,2023-04-09,http://kayak.com/flights/OPO-GVA/2023-04-03/2023-04-09/,232.14,1.0
Estocolmo,Suécia,495.0,148.5,Ryanair,ARN,2023-06-21,2023-06-28,http://kayak.com/flights/OPO-ARN/2023-06-21/2023-06-28/,148.5,1.0
Veneza,Itália,1275.0,91.17,Ryanair,VCE,2023-04-27,2023-05-02,http://kayak.com/flights/OPO-VCE/2023-04-27/2023-05-02/,91.17,1.0
Austin,Estados Unidos,1660.0,710.52,Várias companhias aéreas,AUS,2023-04-05,2023-04-09,http://kayak.com/flights/OPO-AUS/2023-04-05/2023-04-09/,710.52,1.0
Billund,Dinamarca,190.0,92.11,Ryanair,BLL,2023-04-04,2023-04-08,http://kayak.com/flights/OPO-BLL/2023-04-04/2023-04-08/,92.11,1.0
Nápoles,Itália,680.0,151.32,Várias companhias aéreas,NAP,2023-09-26,2023-09-30,http://kayak.com/flights/OPO-NAP/2023-09-26/2023-09-30/,151.32,1.0
Nantes,França,1155.0,123.12,Várias companhias aéreas,NTE,2023-06-03,2023-06-10,http://kayak.com/flights/OPO-NTE/2023-06-03/2023-06-10/,123.12,1.0
Cracóvia,Polónia,570.0,203.01,Várias companhias aéreas,KRK,2023-04-30,2023-05-04,http://kayak.com/flights/OPO-KRK/2023-04-30/2023-05-04/,203.01,1.0
Buenos Aires,Argentina,2545.0,981.19,LATAM Airlines,BUE,2023-09-14,2023-09-18,http://kayak.com/flights/OPO-BUE/2023-09-14/2023-09-18/,981.19,1.0
Edimburgo,Reino Unido,1565.0,115.6,Várias companhias aéreas,EDI,2023-04-26,2023-04-30,http://kayak.com/flights/OPO-EDI/2023-04-26/2023-04-30/,115.6,1.0
Alicante,Espanha,100.0,48.88,Ryanair,ALC,2023-05-23,2023-05-28,http://kayak.com/flights/OPO-ALC/2023-05-23/2023-05-28/,48.88,1.0
Marraquexe,Marrocos,715.0,108.09,Ryanair,RAK,2023-06-17,2023-06-24,http://kayak.com/flights/OPO-RAK/2023-06-17/2023-06-24/,108.09,1.0
Medellín,Colômbia,1627.0,1093.03,Várias companhias aéreas,MDE,2023-04-02,2023-04-09,http://kayak.com/flights/OPO-MDE/2023-04-02/2023-04-09/,1093.03,1.0
Gotemburgo,Suécia,1075.0,198.31,Várias companhias aéreas,GOT,2023-03-26,2023-04-01,http://kayak.com/flights/OPO-GOT/2023-03-26/2023-04-01/,198.31,1.0
Estugarda,Alemanha,1315.0,288.53,SWISS,STR,2023-04-08,2023-04-14,http://kayak.com/flights/OPO-STR/2023-04-08/2023-04-14/,288.53,1.0
Valência,Espanha,915.0,68.61,Ryanair,VLC,2023-05-03,2023-05-08,http://kayak.com/flights/OPO-VLC/2023-05-03/2023-05-08/,68.61,1.0
Rio de Janeiro,Brasil,1360.0,794.16,KLM,RIO,2023-11-22,2023-11-29,http://kayak.com/flights/OPO-RIO/2023-11-22/2023-11-29/,794.16,1.0
Bucareste,Roménia,955.0,221.8,Várias companhias aéreas,BUH,2023-06-28,2023-07-04,http://kayak.com/flights/OPO-BUH/2023-06-28/2023-07-04/,221.8,1.0
Luqa,Malta,1455.0,236.84,Várias companhias aéreas,MLA,2023-08-25,2023-08-29,http://kayak.com/flights/OPO-MLA/2023-08-25/2023-08-29/,236.84,1.0
Amã,Jordânia,1755.0,691.72,Várias companhias aéreas,AMM,2023-11-20,2023-11-25,http://kayak.com/flights/OPO-AMM/2023-11-20/2023-11-25/,691.72,1.0
Toulouse,França,100.0,160.72,easyJet,TLS,2023-04-05,2023-04-09,http://kayak.com/flights/OPO-TLS/2023-04-05/2023-04-09/,160.72,1.0
Beirute,Líbano,1940.0,400.37,Várias companhias aéreas,BEY,2023-06-01,2023-06-08,http://kayak.com/flights/OPO-BEY/2023-06-01/2023-06-08/,400.37,1.0
Riga,Letónia,1195.0,182.33,Ryanair,RIX,2023-06-07,2023-06-11,http://kayak.com/flights/OPO-RIX/2023-06-07/2023-06-11/,182.33,1.0
Punta Cana,República Dominicana,2569.0,1935.11,KLM,PUJ,2023-07-24,2023-07-31,http://kayak.com/flights/OPO-PUJ/2023-07-24/2023-07-31/,1935.11,1.0
Catânia,Itália,1315.0,172.93,Várias companhias aéreas,CTA,2023-07-03,2023-07-09,http://kayak.com/flights/OPO-CTA/2023-07-03/2023-07-09/,172.93,1.0
Colónia,Alemanha,1555.0,90.23,Ryanair,CGN,2023-04-19,2023-04-25,http://kayak.com/flights/OPO-CGN/2023-04-19/2023-04-25/,90.23,1.0
Bordéus,França,105.0,36.66,Ryanair,BOD,2023-05-04,2023-05-09,http://kayak.com/flights/OPO-BOD/2023-05-04/2023-05-09/,36.66,1.0
Sevilha,Espanha,1085.0,82.71,Várias companhias aéreas,SVQ,2023-05-04,2023-05-08,http://kayak.com/flights/OPO-SVQ/2023-05-04/2023-05-08/,82.71,1.0
Las Palmas,Espanha,770.0,163.54,Várias companhias aéreas,LPA,2023-03-19,2023-03-26,http://kayak.com/flights/OPO-LPA/2023-03-19/2023-03-26/,163.54,1.0
Santo Domingo,República Dominicana,1620.0,880.63,Air Europa,SDQ,2023-07-13,2023-07-20,http://kayak.com/flights/OPO-SDQ/2023-07-13/2023-07-20/,880.63,1.0
Bolonha,Itália,2935.0,200.19,SWISS,BLQ,2023-09-26,2023-09-30,http://kayak.com/flights/OPO-BLQ/2023-09-26/2023-09-30/,200.19,1.0
Faro,Portugal,75.0,33.84,Ryanair,FAO,2023-04-11,2023-04-18,http://kayak.com/flights/OPO-FAO/2023-04-11/2023-04-18/,33.84,1.0
Birmingham,Reino Unido,770.0,116.54,Ryanair,BHX,2023-04-25,2023-05-02,http://kayak.com/flights/OPO-BHX/2023-04-25/2023-05-02/,116.54,1.0
Guadalajara,México,1050.0,1149.42,Aeromexico,GDL,2023-08-11,2023-08-18,http://kayak.com/flights/OPO-GDL/2023-08-11/2023-08-18/,1149.42,1.0
Tallin,Estónia,785.0,247.18,Ryanair,TLL,2023-08-01,2023-08-08,http://kayak.com/flights/OPO-TLL/2023-08-01/2023-08-08/,247.18,1.0
Casablanca,Marrocos,235.0,172.93,TAP AIR PORTUGAL,CMN,2023-10-30,2023-11-04,http://kayak.com/flights/OPO-CMN/2023-10-30/2023-11-04/,172.93,1.0
Palermo,Itália,1630.0,187.03,Várias companhias aéreas,PMO,2023-07-03,2023-07-09,http://kayak.com/flights/OPO-PMO/2023-07-03/2023-07-09/,187.03,1.0
Florença,Itália,640.0,279.13,Várias companhias aéreas,FLR,2023-10-04,2023-10-11,http://kayak.com/flights/OPO-FLR/2023-10-04/2023-10-11/,279.13,1.0
Ibiza,Espanha,355.0,148.5,Air Europa,IBZ,2023-09-02,2023-09-09,http://kayak.com/flights/OPO-IBZ/2023-09-02/2023-09-09/,148.5,1.0
Lárnaca,Chipre,755.0,122.18,Várias companhias aéreas,LCA,2023-06-01,2023-06-06,http://kayak.com/flights/OPO-LCA/2023-06-01/2023-06-06/,122.18,1.0
Túnis,Tunísia,790.0,274.44,Várias companhias aéreas,TUN,2023-09-03,2023-09-07,http://kayak.com/flights/OPO-TUN/2023-09-03/2023-09-07/,274.44,1.0
Perth,Austrália,2405.0,1274.41,Turkish Airlines,PER,2023-04-09,2023-04-15,http://kayak.com/flights/OPO-PER/2023-04-09/2023-04-15/,1274.41,1.0
Split,Croácia,990.0,256.58,Várias companhias aéreas,SPU,2023-08-02,2023-08-09,http://kayak.com/flights/OPO-SPU/2023-08-02/2023-08-09/,256.58,1.0
Heraclião,Grécia,1305.0,348.68,Várias companhias aéreas,HER,2023-07-24,2023-07-31,http://kayak.com/flights/OPO-HER/2023-07-24/2023-07-31/,348.68,1.0
Malé,Maldivas,1915.0,1313.89,Iberia,MLE,2023-04-07,2023-04-14,http://kayak.com/flights/OPO-MLE/2023-04-07/2023-04-14/,1313.89,1.0
Hanover,Alemanha,945.0,215.23,Várias companhias aéreas,HAJ,2023-05-23,2023-05-28,http://kayak.com/flights/OPO-HAJ/2023-05-23/2023-05-28/,215.23,1.0
São Salvador,El Salvador,2013.0,957.69,Air Europa,SAL,2023-04-09,2023-04-16,http://kayak.com/flights/OPO-SAL/2023-04-09/2023-04-16/,957.69,1.0
Hartford,Estados Unidos,1739.0,852.43,KLM,BDL,2023-04-25,2023-04-29,http://kayak.com/flights/OPO-BDL/2023-04-25/2023-04-29/,852.43,1.0
Cidade do Panamá,Panamá,1910.0,1125.92,KLM,PTY,2023-03-30,2023-04-06,http://kayak.com/flights/OPO-PTY/2023-03-30/2023-04-06/,1125.92,1.0
Funchal,Portugal,125.0,87.41,Transavia France,FNC,2023-03-16,2023-03-20,http://kayak.com/flights/OPO-FNC/2023-03-16/2023-03-20/,87.41,1.0
Bilbau,Espanha,625.0,73.31,Várias companhias aéreas,BIO,2023-04-25,2023-05-02,http://kayak.com/flights/OPO-BIO/2023-04-25/2023-05-02/,73.31,1.0
Sófia,Bulgária,1060.0,298.87,Várias companhias aéreas,SOF,2023-03-13,2023-03-17,http://kayak.com/flights/OPO-SOF/2023-03-13/2023-03-17/,298.87,1.0
Zagreb,Croácia,1860.0,426.69,KLM,ZAG,2023-06-07,2023-06-11,http://kayak.com/flights/OPO-ZAG/2023-06-07/2023-06-11/,426.69,1.0
Nuremberga,Alemanha,1225.0,163.54,Ryanair,NUE,2023-05-23,2023-05-30,http://kayak.com/flights/OPO-NUE/2023-05-23/2023-05-30/,163.54,1.0
Gdansk,Polónia,1680.0,117.48,Ryanair,GDN,2023-05-16,2023-05-23,http://kayak.com/flights/OPO-GDN/2023-05-16/2023-05-23/,117.48,1.0
Santa Ana,Estados Unidos,1400.0,917.28,Lufthansa,SNA,2023-09-18,2023-09-25,http://kayak.com/flights/OPO-SNA/2023-09-18/2023-09-25/,917.28,1.0
Santa Cruz de Tenerife,Espanha,170.0,147.56,Ryanair,TCI,2023-07-08,2023-07-15,http://kayak.com/flights/OPO-TCI/2023-07-08/2023-07-15/,147.56,1.0
West Palm Beach,Estados Unidos,1440.0,3139.98,TAP AIR PORTUGAL,PBI,2023-03-13,2023-03-20,http://kayak.com/flights/OPO-PBI/2023-03-13/2023-03-20/,3139.98,1.0
Nairobi,Quénia,1770.0,916.34,Brussels Airlines,NBO,2023-04-20,2023-04-27,http://kayak.com/flights/OPO-NBO/2023-04-20/2023-04-27/,916.34,1.0
Salónica,Grécia,1000.0,161.66,Ryanair,SKG,2023-04-27,2023-05-03,http://kayak.com/flights/OPO-SKG/2023-04-27/2023-05-03/,161.66,1.0
Antália,Turquia,1325.0,324.25,Várias companhias aéreas,AYT,2023-10-01,2023-10-06,http://kayak.com/flights/OPO-AYT/2023-10-01/2023-10-06/,324.25,1.0
Bari,Itália,205.0,185.15,Ryanair,BRI,2023-08-27,2023-09-01,http://kayak.com/flights/OPO-BRI/2023-08-27/2023-09-01/,185.15,1.0
Abu Dhabi,Emirados Árabes Unidos,1855.0,604.32,Turkish Airlines,AUH,2023-04-22,2023-04-28,http://kayak.com/flights/OPO-AUH/2023-04-22/2023-04-28/,604.32,1.0
Reiquiavique,Islândia,1010.0,290.41,Várias companhias aéreas,REK,2023-04-24,2023-04-30,http://kayak.com/flights/OPO-REK/2023-04-24/2023-04-30/,290.41,1.0
Tirana,Albânia,1060.0,219.93,Várias companhias aéreas,TIA,2023-03-25,2023-04-01,http://kayak.com/flights/OPO-TIA/2023-03-25/2023-04-01/,219.93,1.0
Dubrovnik,Croácia,740.0,329.89,Várias companhias aéreas,DBV,2023-06-27,2023-07-02,http://kayak.com/flights/OPO-DBV/2023-06-27/2023-07-02/,329.89,1.0
Katovice,Polónia,2085.0,1019.72,Turkish Airlines,KTW,2023-04-30,2023-05-04,http://kayak.com/flights/OPO-KTW/2023-04-30/2023-05-04/,1019.72,1.0
Granadilla de Abona,Espanha,170.0,147.56,Ryanair,TFS,2023-07-08,2023-07-15,http://kayak.com/flights/OPO-TFS/2023-07-08/2023-07-15/,147.56,1.0
Cagliari,Itália,1005.0,146.62,Ryanair,CAG,2023-07-04,2023-07-11,http://kayak.com/flights/OPO-CAG/2023-07-04/2023-07-11/,146.62,1.0
Katmandu,Nepal,1010.0,2717.99,Várias companhias aéreas,KTM,2023-04-09,2023-04-15,http://kayak.com/flights/OPO-KTM/2023-04-09/2023-04-15/,2717.99,1.0
Vilnius,Lituânia,940.0,300.75,Várias companhias aéreas,VNO,2023-08-12,2023-08-18,http://kayak.com/flights/OPO-VNO/2023-08-12/2023-08-18/,300.75,1.0
Eindhoven,Holanda,690.0,177.63,Ryanair,EIN,2023-04-26,2023-04-30,http://kayak.com/flights/OPO-EIN/2023-04-26/2023-04-30/,177.63,1.0
Durban,África do Sul,1635.0,1037.58,Várias companhias aéreas,DUR,2023-09-04,2023-09-11,http://kayak.com/flights/OPO-DUR/2023-09-04/2023-09-11/,1037.58,1.0
Port Louis,Maurícia,1585.0,1335.5,Várias companhias aéreas,MRU,2023-04-25,2023-05-02,http://kayak.com/flights/OPO-MRU/2023-04-25/2023-05-02/,1335.5,1.0
Glasgow,Reino Unido,1095.0,240.6,Várias companhias aéreas,GLA,2023-11-01,2023-11-05,http://kayak.com/flights/OPO-GLA/2023-11-01/2023-11-05/,240.6,1.0
Thera,Grécia,1230.0,393.79,Várias companhias aéreas,JTR,2023-06-19,2023-06-24,http://kayak.com/flights/OPO-JTR/2023-06-19/2023-06-24/,393.79,1.0
Luxemburgo,Luxemburgo,1330.0,150.38,Ryanair,LUX,2023-04-21,2023-04-25,http://kayak.com/flights/OPO-LUX/2023-04-21/2023-04-25/,150.38,1.0
Breslavia,Polónia,875.0,153.2,Ryanair,WRO,2023-04-22,2023-04-26,http://kayak.com/flights/OPO-WRO/2023-04-22/2023-04-26/,153.2,1.0
Bérgamo,Itália,690.0,83.65,Ryanair,BGY,2023-03-28,2023-04-04,http://kayak.com/flights/OPO-BGY/2023-03-28/2023-04-04/,83.65,1.0
Corfú,Grécia,1600.0,174.81,Várias companhias aéreas,CFU,2023-05-10,2023-05-17,http://kayak.com/flights/OPO-CFU/2023-05-10/2023-05-17/,174.81,1.0
Erevã,Arménia,1100.0,1113.7,Várias companhias aéreas,EVN,2023-07-03,2023-07-08,http://kayak.com/flights/OPO-EVN/2023-07-03/2023-07-08/,1113.7,1.0
Turim,Itália,880.0,124.06,Ryanair,TRN,2023-07-07,2023-07-12,http://kayak.com/flights/OPO-TRN/2023-07-07/2023-07-12/,124.06,1.0
Basileia,Suíça,715.0,221.8,Várias companhias aéreas,EAP,2023-03-29,2023-04-05,http://kayak.com/flights/OPO-EAP/2023-03-29/2023-04-05/,221.8,1.0
Ontário,Estados Unidos,2446.0,893.78,United Airlines,ONT,2023-09-18,2023-09-25,http://kayak.com/flights/OPO-ONT/2023-09-18/2023-09-25/,893.78,1.0
Zanzibar,Tanzânia,1875.0,1150.36,Várias companhias aéreas,ZNZ,2023-04-10,2023-04-17,http://kayak.com/flights/OPO-ZNZ/2023-04-10/2023-04-17/,1150.36,1.0
Salzburgo,Áustria,1535.0,273.5,Várias companhias aéreas,SZG,2023-06-10,2023-06-16,http://kayak.com/flights/OPO-SZG/2023-06-10/2023-06-16/,273.5,1.0
Bergen,Noruega,940.0,242.48,Várias companhias aéreas,BGO,2023-06-08,2023-06-13,http://kayak.com/flights/OPO-BGO/2023-06-08/2023-06-13/,242.48,1.0
Xangai,China,2280.0,1133.44,Várias companhias aéreas,SHA,2023-04-17,2023-04-22,http://kayak.com/flights/OPO-SHA/2023-04-17/2023-04-22/,1133.44,1.0
Anchorage,Estados Unidos,2119.0,1027.24,Várias companhias aéreas,ANC,2023-03-12,2023-03-19,http://kayak.com/flights/OPO-ANC/2023-03-12/2023-03-19/,1027.24,1.0
Salvador,Brasil,2135.0,1117.46,Azul,SSA,2023-04-10,2023-04-17,http://kayak.com/flights/OPO-SSA/2023-04-10/2023-04-17/,1117.46,1.0
Puerto del Rosario,Espanha,665.0,125.94,Várias companhias aéreas,FUE,2023-10-18,2023-10-24,http://kayak.com/flights/OPO-FUE/2023-10-18/2023-10-24/,125.94,1.0
Arrecife,Espanha,675.0,113.72,Ryanair,ACE,2023-03-24,2023-03-29,http://kayak.com/flights/OPO-ACE/2023-03-24/2023-03-29/,113.72,1.0
Oranjestad,Aruba,1795.0,1061.07,KLM,AUA,2023-04-07,2023-04-14,http://kayak.com/flights/OPO-AUA/2023-04-07/2023-04-14/,1061.07,1.0
Bristol,Reino Unido,130.0,145.68,Ryanair,BRS,2023-03-31,2023-04-07,http://kayak.com/flights/OPO-BRS/2023-03-31/2023-04-07/,145.68,1.0
Pisa,Itália,570.0,195.49,Ryanair,PSA,2023-10-04,2023-10-11,http://kayak.com/flights/OPO-PSA/2023-10-04/2023-10-11/,195.49,1.0
Monterrei,México,1895.0,1140.96,Aeromexico,MTY,2023-08-14,2023-08-21,http://kayak.com/flights/OPO-MTY/2023-08-14/2023-08-21/,1140.96,1.0
Nassau,Bahamas,2570.0,1454.86,Air Canada,NAS,2023-04-07,2023-04-14,http://kayak.com/flights/OPO-NAS/2023-04-07/2023-04-14/,1454.86,1.0
Mahón,Espanha,795.0,149.44,Ryanair,MAH,2023-08-17,2023-08-24,http://kayak.com/flights/OPO-MAH/2023-08-17/2023-08-24/,149.44,1.0
Olbia,Itália,1180.0,157.9,Várias companhias aéreas,OLB,2023-07-04,2023-07-11,http://kayak.com/flights/OPO-OLB/2023-07-04/2023-07-11/,157.9,1.0
Hurghada,Egito,1445.0,781.0,Várias companhias aéreas,HRG,2023-08-14,2023-08-21,http://kayak.com/flights/OPO-HRG/2023-08-14/2023-08-21/,781.0,1.0
Rodes,Grécia,1580.0,369.36,Várias companhias aéreas,RHO,2023-08-20,2023-08-27,http://kayak.com/flights/OPO-RHO/2023-08-20/2023-08-27/,369.36,1.0
Bremen,Alemanha,955.0,232.14,KLM,BRE,2023-07-12,2023-07-19,http://kayak.com/flights/OPO-BRE/2023-07-12/2023-07-19/,232.14,1.0
Santiago de Compostela,Espanha,1445.0,105.27,Ryanair,SCQ,2023-04-12,2023-04-16,http://kayak.com/flights/OPO-SCQ/2023-04-12/2023-04-16/,105.27,1.0
Jacarta,Indonésia,3225.0,1045.1,Várias companhias aéreas,JKT,2023-04-09,2023-04-16,http://kayak.com/flights/OPO-JKT/2023-04-09/2023-04-16/,1045.1,1.0
Leipzig,Alemanha,1125.0,222.74,Várias companhias aéreas,LEJ,2023-08-30,2023-09-03,http://kayak.com/flights/OPO-LEJ/2023-08-30/2023-09-03/,222.74,1.0
Ponta Delgada,Portugal,145.0,125.94,Várias companhias aéreas,PDL,2023-05-08,2023-05-12,http://kayak.com/flights/OPO-PDL/2023-05-08/2023-05-12/,125.94,1.0
Providence,Estados Unidos,1626.0,949.23,United Airlines,PVD,2023-10-16,2023-10-22,http://kayak.com/flights/OPO-PVD/2023-10-16/2023-10-22/,949.23,1.0
Chiang Mai,Tailândia,2115.0,932.32,KLM,CNX,2023-10-01,2023-10-08,http://kayak.com/flights/OPO-CNX/2023-10-01/2023-10-08/,932.32,1.0
Montpellier,França,955.0,450.18,KLM,MPL,2023-04-10,2023-04-17,http://kayak.com/flights/OPO-MPL/2023-04-10/2023-04-17/,450.18,1.0
Míconos,Grécia,1350.0,277.25,Várias companhias aéreas,JMK,2023-08-25,2023-08-30,http://kayak.com/flights/OPO-JMK/2023-08-25/2023-08-30/,277.25,1.0
Tânger,Marrocos,525.0,114.66,Várias companhias aéreas,TNG,2023-04-19,2023-04-25,http://kayak.com/flights/OPO-TNG/2023-04-19/2023-04-25/,114.66,1.0
Chania,Grécia,1330.0,948.29,Transavia France,CHQ,2023-03-31,2023-04-07,http://kayak.com/flights/OPO-CHQ/2023-03-31/2023-04-07/,948.29,1.0
Liubliana,Eslovénia,965.0,264.1,SWISS,LJU,2023-04-29,2023-05-06,http://kayak.com/flights/OPO-LJU/2023-04-29/2023-05-06/,264.1,1.0
Verona,Itália,165.0,120.3,Ryanair,VRN,2023-07-15,2023-07-19,http://kayak.com/flights/OPO-VRN/2023-07-15/2023-07-19/,120.3,1.0
Burbank,Estados Unidos,1475.0,1482.12,Várias companhias aéreas,BUR,2023-09-18,2023-09-25,http://kayak.com/flights/OPO-BUR/2023-09-18/2023-09-25/,1482.12,1.0
Mascate,Omã,2000.0,640.97,Várias companhias aéreas,MCT,2023-04-26,2023-05-03,http://kayak.com/flights/OPO-MCT/2023-04-26/2023-05-03/,640.97,1.0
Graz,Áustria,1525.0,408.83,SWISS,GRZ,2023-04-09,2023-04-15,http://kayak.com/flights/OPO-GRZ/2023-04-09/2023-04-15/,408.83,1.0
Florianópolis,Brasil,1865.0,924.8,Lufthansa,FLN,2023-10-19,2023-10-23,http://kayak.com/flights/OPO-FLN/2023-10-19/2023-10-23/,924.8,1.0
Agadir,Marrocos,130.0,33.84,Ryanair,AGA,2023-03-20,2023-03-24,http://kayak.com/flights/OPO-AGA/2023-03-20/2023-03-24/,33.84,1.0
Santa Marta,Colômbia,2217.0,991.53,Várias companhias aéreas,SMR,2023-09-15,2023-09-22,http://kayak.com/flights/OPO-SMR/2023-09-15/2023-09-22/,991.53,1.0
Victoria,Seicheles,1095.0,1412.57,Várias companhias aéreas,SEZ,2023-08-12,2023-08-19,http://kayak.com/flights/OPO-SEZ/2023-08-12/2023-08-19/,1412.57,1.0
Liverpool,Reino Unido,145.0,41.36,Ryanair,LPL,2023-04-20,2023-04-24,http://kayak.com/flights/OPO-LPL/2023-04-20/2023-04-24/,41.36,1.0
Podgorica,Montenegro,1585.0,398.49,Turkish Airlines,TGD,2023-05-15,2023-05-19,http://kayak.com/flights/OPO-TGD/2023-05-15/2023-05-19/,398.49,1.0
Cluj,Roménia,710.0,109.03,Ryanair,CLJ,2023-05-02,2023-05-09,http://kayak.com/flights/OPO-CLJ/2023-05-02/2023-05-09/,109.03,1.0
Iași,Roménia,375.0,423.87,Várias companhias aéreas,IAS,2023-08-27,2023-09-02,http://kayak.com/flights/OPO-IAS/2023-08-27/2023-09-02/,423.87,1.0
Dresden,Alemanha,505.0,374.06,Lufthansa,DRS,2023-05-24,2023-05-28,http://kayak.com/flights/OPO-DRS/2023-05-24/2023-05-28/,374.06,1.0
Dortmund,Alemanha,1895.0,159.78,Ryanair,DTM,2023-07-03,2023-07-08,http://kayak.com/flights/OPO-DTM/2023-07-03/2023-07-08/,159.78,1.0
Pafos,Chipre,1460.0,269.74,Ryanair,PFO,2023-08-23,2023-08-30,http://kayak.com/flights/OPO-PFO/2023-08-23/2023-08-30/,269.74,1.0
Lamezia Terme,Itália,1710.0,278.19,SWISS,SUF,2023-06-28,2023-07-05,http://kayak.com/flights/OPO-SUF/2023-06-28/2023-07-05/,278.19,1.0
Sharm El Sheikh,Egito,975.0,415.41,Várias companhias aéreas,SSH,2023-07-12,2023-07-16,http://kayak.com/flights/OPO-SSH/2023-07-12/2023-07-16/,415.41,1.0
Sharjah,Emirados Árabes Unidos,2325.0,599.62,Várias companhias aéreas,SHJ,2023-04-22,2023-04-29,http://kayak.com/flights/OPO-SHJ/2023-04-22/2023-04-29/,599.62,1.0
Lille,França,1130.0,241.54,Várias companhias aéreas,LIL,2023-03-14,2023-03-21,http://kayak.com/flights/OPO-LIL/2023-03-14/2023-03-21/,241.54,1.0
Belo Horizonte,Brasil,2505.0,1095.85,Air Europa,BHZ,2023-04-11,2023-04-18,http://kayak.com/flights/OPO-BHZ/2023-04-11/2023-04-18/,1095.85,1.0
Madison,Estados Unidos,1138.0,755.63,KLM,MSN,2023-05-17,2023-05-21,http://kayak.com/flights/OPO-MSN/2023-05-17/2023-05-21/,755.63,1.0
Bastia,França,530.0,220.87,Várias companhias aéreas,BIA,2023-07-19,2023-07-26,http://kayak.com/flights/OPO-BIA/2023-07-19/2023-07-26/,220.87,1.0
Varsóvia,Polónia,1770.0,142.86,Ryanair,WMI,2023-04-20,2023-04-25,http://kayak.com/flights/OPO-WMI/2023-04-20/2023-04-25/,142.86,1.0
Maceió,Brasil,2020.0,1349.6,TAP AIR PORTUGAL,MCZ,2023-06-23,2023-06-30,http://kayak.com/flights/OPO-MCZ/2023-06-23/2023-06-30/,1349.6,1.0
Natal,Brasil,1390.0,913.52,Várias companhias aéreas,NAT,2023-05-31,2023-06-07,http://kayak.com/flights/OPO-NAT/2023-05-31/2023-06-07/,913.52,1.0
Granada,Espanha,455.0,218.99,Iberia,GRX,2023-08-28,2023-09-03,http://kayak.com/flights/OPO-GRX/2023-08-28/2023-09-03/,218.99,1.0
Ajácio,França,1445.0,314.85,Várias companhias aéreas,AJA,2023-06-06,2023-06-13,http://kayak.com/flights/OPO-AJA/2023-06-06/2023-06-13/,314.85,1.0
Memmingen,Alemanha,1485.0,99.63,Ryanair,FMM,2023-05-11,2023-05-15,http://kayak.com/flights/OPO-FMM/2023-05-11/2023-05-15/,99.63,1.0
Cuzco,Perú,1800.0,1121.22,Várias companhias aéreas,CUZ,2023-09-15,2023-09-22,http://kayak.com/flights/OPO-CUZ/2023-09-15/2023-09-22/,1121.22,1.0
Cidade da Praia,Cabo Verde,1305.0,471.8,Várias companhias aéreas,RAI,2023-05-12,2023-05-19,http://kayak.com/flights/OPO-RAI/2023-05-12/2023-05-19/,471.8,1.0
Fes,Marrocos,360.0,143.8,Ryanair,FEZ,2023-06-28,2023-07-03,http://kayak.com/flights/OPO-FEZ/2023-06-28/2023-07-03/,143.8,1.0
La Corunha,Espanha,1395.0,129.7,Air Europa,LCG,2023-04-12,2023-04-16,http://kayak.com/flights/OPO-LCG/2023-04-12/2023-04-16/,129.7,1.0
Vigo,Espanha,345.0,119.36,Várias companhias aéreas,VGO,2023-08-25,2023-08-31,http://kayak.com/flights/OPO-VGO/2023-08-25/2023-08-31/,119.36,1.0
Providenciales,Ilhas Turcas e Caicos,2820.0,1812.94,Várias companhias aéreas,PLS,2023-04-07,2023-04-14,http://kayak.com/flights/OPO-PLS/2023-04-07/2023-04-14/,1812.94,1.0
Luanda,Angola,1255.0,399.43,Air France,LAD,2023-06-01,2023-06-06,http://kayak.com/flights/OPO-LAD/2023-06-01/2023-06-06/,399.43,1.0
Belfast,Reino Unido,930.0,151.32,Várias companhias aéreas,BFS,2023-03-23,2023-03-27,http://kayak.com/flights/OPO-BFS/2023-03-23/2023-03-27/,151.32,1.0
Brindisi,Itália,930.0,144.74,Várias companhias aéreas,BDS,2023-05-15,2023-05-22,http://kayak.com/flights/OPO-BDS/2023-05-15/2023-05-22/,144.74,1.0
Esmirna,Turquia,1460.0,447.36,Várias companhias aéreas,IZM,2023-07-28,2023-08-04,http://kayak.com/flights/OPO-IZM/2023-07-28/2023-08-04/,447.36,1.0
Estrasburgo,França,495.0,309.21,Várias companhias aéreas,SXB,2023-06-07,2023-06-11,http://kayak.com/flights/OPO-SXB/2023-06-07/2023-06-11/,309.21,1.0
Karlsruhe,Alemanha,160.0,141.92,Ryanair,FKB,2023-04-09,2023-04-14,http://kayak.com/flights/OPO-FKB/2023-04-09/2023-04-14/,141.92,1.0
Trieste,Itália,1080.0,234.02,Várias companhias aéreas,TRS,2023-07-06,2023-07-10,http://kayak.com/flights/OPO-TRS/2023-07-06/2023-07-10/,234.02,1.0
Aarhus,Dinamarca,2870.0,508.45,SWISS,AAR,2023-04-02,2023-04-07,http://kayak.com/flights/OPO-AAR/2023-04-02/2023-04-07/,508.45,1.0
Vitória,Brasil,1360.0,1198.29,Air Europa,VIX,2023-04-10,2023-04-17,http://kayak.com/flights/OPO-VIX/2023-04-10/2023-04-17/,1198.29,1.0
New Windsor,Estados Unidos,1175.0,962.39,Várias companhias aéreas,SWF,2023-07-07,2023-07-12,http://kayak.com/flights/OPO-SWF/2023-07-07/2023-07-12/,962.39,1.0
Mérida,México,1456.0,879.69,KLM,MID,2023-06-14,2023-06-21,http://kayak.com/flights/OPO-MID/2023-06-14/2023-06-21/,879.69,1.0
Houmt Souk,Tunísia,885.0,272.56,Várias companhias aéreas,DJE,2023-06-24,2023-06-29,http://kayak.com/flights/OPO-DJE/2023-06-24/2023-06-29/,272.56,1.0
Friedrichshafen,Alemanha,900.0,630.63,Lufthansa,FDH,2023-03-19,2023-03-25,http://kayak.com/flights/OPO-FDH/2023-03-19/2023-03-25/,630.63,1.0
Alexandria,Egito,1575.0,278.19,Várias companhias aéreas,HBE,2023-03-29,2023-04-03,http://kayak.com/flights/OPO-HBE/2023-03-29/2023-04-03/,278.19,1.0
Algueiro,Itália,460.0,169.17,Várias companhias aéreas,AHO,2023-07-04,2023-07-11,http://kayak.com/flights/OPO-AHO/2023-07-04/2023-07-11/,169.17,1.0
Trapani,Itália,755.0,177.63,Ryanair,TPS,2023-08-24,2023-08-31,http://kayak.com/flights/OPO-TPS/2023-08-24/2023-08-31/,177.63,1.0
Burgas,Bulgária,740.0,302.63,Várias companhias aéreas,BOJ,2023-06-17,2023-06-24,http://kayak.com/flights/OPO-BOJ/2023-06-17/2023-06-24/,302.63,1.0
Figari,França,760.0,276.32,Ryanair,FSC,2023-07-19,2023-07-26,http://kayak.com/flights/OPO-FSC/2023-07-19/2023-07-26/,276.32,1.0
Navegantes,Brasil,1445.0,1073.29,Várias companhias aéreas,NVT,2023-11-20,2023-11-27,http://kayak.com/flights/OPO-NVT/2023-11-20/2023-11-27/,1073.29,1.0
Cuiabá,Brasil,2515.0,1448.28,Várias companhias aéreas,CGB,2023-04-07,2023-04-14,http://kayak.com/flights/OPO-CGB/2023-04-07/2023-04-14/,1448.28,1.0
Akron,Estados Unidos,1254.0,1105.25,Várias companhias aéreas,CAK,2023-04-03,2023-04-07,http://kayak.com/flights/OPO-CAK/2023-04-03/2023-04-07/,1105.25,1.0
Cardiff,Reino Unido,1595.0,281.95,Ryanair,CWL,2023-04-09,2023-04-16,http://kayak.com/flights/OPO-CWL/2023-04-09/2023-04-16/,281.95,1.0
Duala,Camarões,1820.0,638.15,Turkish Airlines,DLA,2023-05-29,2023-06-04,http://kayak.com/flights/OPO-DLA/2023-05-29/2023-06-04/,638.15,1.0
Pula,Croácia,1340.0,702.06,Várias companhias aéreas,PUY,2023-04-25,2023-04-29,http://kayak.com/flights/OPO-PUY/2023-04-25/2023-04-29/,702.06,1.0
Antuérpia,Bélgica,770.0,477.44,Várias companhias aéreas,ANR,2023-04-09,2023-04-16,http://kayak.com/flights/OPO-ANR/2023-04-09/2023-04-16/,477.44,1.0
Suceava,Roménia,1265.0,267.86,Várias companhias aéreas,SCV,2023-06-18,2023-06-24,http://kayak.com/flights/OPO-SCV/2023-06-18/2023-06-24/,267.86,1.0
Sibiu,Roménia,2295.0,409.77,Várias companhias aéreas,SBZ,2023-04-05,2023-04-09,http://kayak.com/flights/OPO-SBZ/2023-04-05/2023-04-09/,409.77,1.0
Espargos,Cabo Verde,1200.0,498.11,TAP AIR PORTUGAL,SID,2023-05-05,2023-05-12,http://kayak.com/flights/OPO-SID/2023-05-05/2023-05-12/,498.11,1.0
Nador,Marrocos,1525.0,162.6,Ryanair,NDR,2023-03-17,2023-03-24,http://kayak.com/flights/OPO-NDR/2023-03-17/2023-03-24/,162.6,1.0
Melbourne,Estados Unidos,1861.0,1284.75,KLM,MLB,2023-06-05,2023-06-09,http://kayak.com/flights/OPO-MLB/2023-06-05/2023-06-09/,1284.75,1.0
Southampton,Reino Unido,880.0,1312.01,British Airways,SOU,2023-04-28,2023-05-02,http://kayak.com/flights/OPO-SOU/2023-04-28/2023-05-02/,1312.01,1.0
Marsa Alam,Egito,2155.0,407.89,Várias companhias aéreas,RMF,2023-06-19,2023-06-25,http://kayak.com/flights/OPO-RMF/2023-06-19/2023-06-25/,407.89,1.0
Lajes,Portugal,160.0,76.13,Várias companhias aéreas,TER,2023-05-04,2023-05-08,http://kayak.com/flights/OPO-TER/2023-05-04/2023-05-08/,76.13,1.0
Cozumel,México,3090.0,1146.6,Várias companhias aéreas,CZM,2023-06-14,2023-06-21,http://kayak.com/flights/OPO-CZM/2023-06-14/2023-06-21/,1146.6,1.0
La Rochelle,França,100.0,49.82,Ryanair,LRH,2023-07-01,2023-07-05,http://kayak.com/flights/OPO-LRH/2023-07-01/2023-07-05/,49.82,1.0
Reus,Espanha,895.0,362.78,Várias companhias aéreas,REU,2023-07-15,2023-07-22,http://kayak.com/flights/OPO-REU/2023-07-15/2023-07-22/,362.78,1.0
Châlons-en-Champagne,França,145.0,62.97,Ryanair,XCR,2023-10-16,2023-10-20,http://kayak.com/flights/OPO-XCR/2023-10-16/2023-10-20/,62.97,1.0
Tours,França,870.0,220.87,Várias companhias aéreas,TUF,2023-04-30,2023-05-07,http://kayak.com/flights/OPO-TUF/2023-04-30/2023-05-07/,220.87,1.0
São José do Rio Preto,Brasil,1265.0,1092.09,Azul,SJP,2023-04-21,2023-04-25,http://kayak.com/flights/OPO-SJP/2023-04-21/2023-04-25/,1092.09,1.0
Porto Santo,Portugal,840.0,187.03,Várias companhias aéreas,PXO,2023-04-05,2023-04-09,http://kayak.com/flights/OPO-PXO/2023-04-05/2023-04-09/,187.03,1.0
Rabil,Cabo Verde,2880.0,1429.49,Várias companhias aéreas,BVC,2023-06-15,2023-06-22,http://kayak.com/flights/OPO-BVC/2023-06-15/2023-06-22/,1429.49,1.0
Chiang Rai,Tailândia,1655.0,1285.69,Várias companhias aéreas,CEI,2023-10-01,2023-10-08,http://kayak.com/flights/OPO-CEI/2023-10-01/2023-10-08/,1285.69,1.0
Carcassonne,França,105.0,40.42,Ryanair,CCF,2023-04-01,2023-04-05,http://kayak.com/flights/OPO-CCF/2023-04-01/2023-04-05/,40.42,1.0
São Tomé,São Tomé e Príncipe,815.0,1104.31,TAP AIR PORTUGAL,TMS,2023-06-25,2023-07-01,http://kayak.com/flights/OPO-TMS/2023-06-25/2023-07-01/,1104.31,1.0
Paleochori,Grécia,1520.0,452.06,Várias companhias aéreas,MLO,2023-09-08,2023-09-15,http://kayak.com/flights/OPO-MLO/2023-09-08/2023-09-15/,452.06,1.0
Régio da Calábria,Itália,1435.0,339.28,Várias companhias aéreas,REG,2023-04-29,2023-05-06,http://kayak.com/flights/OPO-REG/2023-04-29/2023-05-06/,339.28,1.0
Plovdiv,Bulgária,1285.0,282.89,Várias companhias aéreas,PDV,2023-04-26,2023-04-30,http://kayak.com/flights/OPO-PDV/2023-04-26/2023-04-30/,282.89,1.0
Târgu Mureş,Roménia,1520.0,467.1,Várias companhias aéreas,TGM,2023-04-05,2023-04-09,http://kayak.com/flights/OPO-TGM/2023-04-05/2023-04-09/,467.1,1.0
Maastricht,Holanda,1545.0,264.1,Várias companhias aéreas,MST,2023-03-16,2023-03-20,http://kayak.com/flights/OPO-MST/2023-03-16/2023-03-20/,264.1,1.0
Ilha do Pico,Portugal,1165.0,165.42,Várias companhias aéreas,PIX,2023-06-23,2023-06-29,http://kayak.com/flights/OPO-PIX/2023-06-23/2023-06-29/,165.42,1.0
Horta,Portugal,1560.0,171.05,Várias companhias aéreas,HOR,2023-06-23,2023-06-29,http://kayak.com/flights/OPO-HOR/2023-06-23/2023-06-29/,171.05,1.0
Bissau,Guiné-Bissau,905.0,607.14,TAP AIR PORTUGAL,OXB,2023-06-02,2023-06-08,http://kayak.com/flights/OPO-OXB/2023-06-02/2023-06-08/,607.14,1.0
Santa Cruz da Graciosa,Portugal,1280.0,217.11,Várias companhias aéreas,GRW,2023-06-20,2023-06-24,http://kayak.com/flights/OPO-GRW/2023-06-20/2023-06-24/,217.11,1.0
Vila do Porto,Portugal,1090.0,263.16,Várias companhias aéreas,SMA,2023-07-17,2023-07-23,http://kayak.com/flights/OPO-SMA/2023-07-17/2023-07-23/,263.16,1.0
Velas,Portugal,1615.0,235.9,Várias companhias aéreas,SJZ,2023-04-28,2023-05-04,http://kayak.com/flights/OPO-SJZ/2023-04-28/2023-05-04/,235.9,1.0
Badajoz,Espanha,695.0,159.78,Iberia,BJZ,2023-03-23,2023-03-28,http://kayak.com/flights/OPO-BJZ/2023-03-23/2023-03-28/,159.78,1.0
São Pedro,Cabo Verde,1170.0,783.82,TAP AIR PORTUGAL,VXE,2023-05-01,2023-05-08,http://kayak.com/flights/OPO-VXE/2023-05-01/2023-05-08/,783.82,1.0
Santa Cruz das Flores,Portugal,1270.0,288.53,Várias companhias aéreas,FLW,2023-07-24,2023-07-29,http://kayak.com/flights/OPO-FLW/2023-07-24/2023-07-29/,288.53,1.0
Springfield,Estados Unidos,1739.0,852.43,KLM,SFY,2023-04-25,2023-04-29,http://kayak.com/flights/OPO-SFY/2023-04-25/2023-04-29/,852.43,1.0
Joinville,Brasil,1295.0,2850.51,Várias companhias aéreas,JOI,2023-11-20,2023-11-27,http://kayak.com/flights/OPO-JOI/2023-11-20/2023-11-27/,2850.51,1.0
Escanaba,Estados Unidos,2352.0,1405.05,Delta,ESC,2023-06-27,2023-07-04,http://kayak.com/flights/OPO-ESC/2023-06-27/2023-07-04/,1405.05,1.0
Nampula,Moçambique,2770.0,2420.07,Várias companhias aéreas,APL,2023-05-27,2023-06-01,http://kayak.com/flights/OPO-APL/2023-05-27/2023-06-01/,2420.07,1.0
